term,era,snippet_id,text
sin,pre1950,6c165e7313c5,sin 1 (z' = sin 1 a cos I
sin,pre1950,44b125457108,in which e must be expressed in are. In the factor sin {z' + E) we may substitute z for z' without sensible error.
sin,pre1950,4e7de5ba7222,2^=2 +B—e»inll20'' + 2 + E) f=2'\- C— e sin (340*» J^ 2 + E)
sin,pre1950,da0e0c5bf9d6,sin (120*> + z + ^) + sin (240^ + ^ + £) == — sin (^ + Jff)
sin,pre1950,905984119e34,y = ^ + 5 — a — c sin (^ 4- E)
sin,pre1950,e4823edf26d8,n = a + 2« sin (2r + E) (11)
sin,pre1950,e0c67b08ea38,€ sin P = ^ (n — n')
sin,pre1950,c9e6cfb9a80b,"when sin — = 0 and cos-^^ = 1, that is, only when » is a mul-"
sin,pre1950,0d7ebced5297,2: cos m . — + i/ — 1 ^ sin m • ^^ = 0 S S
sin,pre1950,6ecaa1bb5fd1,S cos m . -^ + V — 1 -T sin m- -^ = a
sin,pre1950,e2b5b4dfc338,"sin' X ^ i — ^ cos 2 x and, therefore,"
sin,pre1950,04374faa3218,"In this form, the three unknown quantities are a, e sin P, and fcosP. The final equation in each unknown quantity, according to the method of least squares, is to be found by multiplying each equation of condition by the coefficient of the unknown quantity in that equation, and adding together the products. This process gives, by the aid of the theorems of the preceding article (observing that here p = 1),"
sin,pre1950,cb3a5acbc286,qa = 2! n^ qe sin P=: Ji n^
sin,pre1950,d69328e8abb1,"To find qe sin P, we multiply each n by the cosine of the angle to which it belongs, and add the products. In like mapner,"
sin,pre1950,5103f54d45b2,"sin (z + F') + /"" sin (2z + F"") + /'"" sin (3? + F'"") + &c. '"
sin,pre1950,344c562afbc3,"n'_^o-f- 2/"" sin"
sin,pre1950,3840b4369f8f,"Then, with the aid of a traverse table, we find the values o£* ii'cos 2^ and n' sin 22:, as below :"
sin,pre1950,a798ea3d5691,"18 f"" sin F"" — 28"".02"
sin,pre1950,36b12a7411dd,"Id the same manner, we find, from the sums of the products 9' «oe 4iZ and n' sin 4z,"
sin,pre1950,1b4d3db26e5e,"f (e)+p(180«+ z)=W'M Bin (2 7+299° 30')+0"".2a sin (4«+4'> 17') (80)"
sin,pre1950,e523e15bc140,"and this quantity also expresses the mean error of a single reading of one microscope of this instrument. This mean error of a reading was also found by comparing a number of successive readings of the same microscope on the same division, which gave 0"".36 : so that the agreement of the above computed and observed values of n' is even closer than is necessary to sustain the hypothesis of an elliptical form of the pivot. It is also evi- dent that the addition of the term 0"".22 sin (Az + 4° 17') of (30) would but slightly reduce the mean error of n'."
sin,pre1950,e62b0bdcbaed,"The regular or periodic errors are thoBe which recar at regular iaterralB according to aome law, and which maj, therefore, be expressed as functions of the reading itself. Even the error of eccentricity, above considered, may be treated as such a periodic error of graduation, since its effect upon the reading (z) is the same aa if the graduation everywhere required the correction e sin {z + E). The sum of all the corrections for such periodic errors, regarded as a function of the reading {z), and denoted by -^ (z), must have the general form"
sin,pre1950,9a8883b420fc,"4(0=«'sin(2+C""+m.^Wu""sin(2j+Cr""+m.^) + &c."
sin,pre1950,14f4da6d96f5,- V ■ 4 (O = -„ w^*^^ sin (r^-2: + Z7) (33)
sin,pre1950,6457538dd617,"u"" sin (22: + C7"") + u»^ sin (42:+ U''') + &c. ; the mean of three microscopes, the correction"
sin,post1950,5b16a4842116,"Sin-Chung Chang Lewis Research Center Cleveland, Ohio"
sin,post1950,b5c83ec0eabb,Sin-Chung Chang
sin,post1950,f559255a6cf8,"u(x, y, 0) = 20 + 80 [y — sin(0.57rx) sin(0.57ry)] ux(x, y, 0) = —40?r cos(0.57tx) sin(0.57ry) uy(x,y,0) = 80 — 407r sin(0.57rx) cos(0.57ry)"
sin,post1950,894c5ba882f5,"u(x, y, t) = 20 + 80 [y — e-0-5/i7r2* sin(0.57rx) sin(0.57ry)]"
sin,post1950,952b6c55bed5,"Xiao-Yen Wang and Chuen-Yen Chow, University of Colorado, Department of Aerospace Engineering Sciences, Boulder, Colorado 80309-0429 (work funded by NASA Grant NAG3-1566), and Sin-Chung Chang, NASA Lewis Research Center. Responsible person, Sin-Chung Chang, organization code 2660, (216) 433-5874."
sin,post1950,676e94617ecf,“Una isla sin nombre” ©Copyright Begoña Pérez Ruiz para NGC 3660
sin,post1950,b0b8a5974023,“Una isla sin nombre”
sin,post1950,a4d6d4ba7fba,"Su katana, su preciosa y maldita katana, que tanto deseaba en el presente que nunca hubiera sido suya. Y, sin embargo, no podía dejar de limpiarla a diario, aterrado ante la posibilidad de que la desagradable humedad de aquella isla la oxidara. No tenía papel de arroz, ni un aceite especial con el que cuidarla, pero la muchacha, que conocía aquella condenada selva mucho mejor que él, le había aconsejado que usará las anchas hojas de un determinado arbusto que crecía en la parte sur. Takeo ni se había molestado en aprender el nombre de aquella planta, no ansiaba saber cómo se llamaba nada de cuanto le rodeaba, esa no era su tierra, él no deseaba aprender a nombrarla como si lo fuera, no quería acostumbrarse a estar allí, quería volver a su pueblo natal. Aunque Takeo sí se molestaba en limpiar su espada a diario, pues sabía que a la muchacha le gustaba que lo hiciera y no quería enojarla. Él mismo, por mucho que despreciara lo que representaba aquella arma, tampoco podía evitar sentir hacia ella un extraño amor, más allá de su odio. Perderla o dejar que se oxidara suponía renunciar a sí mismo de alguna manera, cerrar las puertas hacia el retorno a su país."
sin,post1950,f877f2f7ec3f,"—El cielo se ha convertido en fuego —la voz de la muchacha rompió el silencio de la cueva donde Takeo vivía y le hizo sobresaltarse. Debería haberse acostumbrado ya a aquella manera suya de aparecer de la nada y hablarle sin antes molestarse en saludarle ni lo más mínimo, pero aún no lo había hecho."
sin,post1950,f27f4759f453,"La selva lo recibió con un silencio sepulcral que nada tenía de parecido con los sonidos de guerra que se dispersaban por ella hacía solo unos momentos. Las armas habían callado y más allá de ellas, todo lo había hecho. Ni un solo rumor animal, ni el más sencillo trino de los pájaros que habitualmente se escuchaban en aquella zona de manera constante. Y, por supuesto, ni un solo ruido que pudiera calificarse de humano. Takeo llegó a pensar que estaba muerto, que había sido abatido sin ni siquiera darse cuenta de ello. Solo una cosa así explicaba aquel mutismo antinatural, más propio del mundo onírico que de la realidad. Se dio cuenta de que él mismo permanecía inmóvil, como si el tiempo se hubiera detenido y el espacio le fuera ilusorio. Caminó un poco, para cerciorarse de que estaba vivo o quizá para demostrar que estaba muerto. Escuchó los latidos de su corazón mientras arrastraba los pies por la jungla. Y también oyó el roce de sus destrozado calzado entre la vegetación. Escuchar tan solo aquello, le resultó más aterrador que no escuchar nada, porque sabía que estaba vivo, pero de alguna forma parecía ser él lo único que lo estaba en kilómetros a la redonda. El sudor pegajoso seguía adherido a su piel, para avisarle que no había muerto y que aquella infernal isla aún era su único territorio. Una isla gaijin donde aquel día se sentía más ajeno y extranjero."
sin,post1950,649cd888df3c,"Ese día, Takeo se convirtió en el único habitante vivo de aquella isla, solo en aquel ambiente desolador, pero con la extraña suerte de tener a aquel Kitsune velando por él. Así encontró la cueva, un sitio donde resguardarse de la enfermiza humedad cálida de la jungla. También fue capaz de reconocer qué plantas podía comer sin peligro y, con la ayuda del Kitsune, le fue posible encontrar un manantial de agua potable. Sus días no fueron tan infernales"
sin,post1950,dbc36fdef552,CULTURA DE LA ESPERANZA Y SOCIEDAD SIN EXCLUSION
sin,post1950,e7a20588ec98,"Cultura de la esperanza y sociedad sin exclusión Franz J. Hinkelammert — la. ed. — San José, Costa Rica. DEI, 1995."
sin,post1950,218ce0b99c6a,¿Capitalismo sin alternativas?
sin,post1950,b187467c9761,"Sin embargo, se trata de la culminación de un proceso que se percibe ya a partir de la década de los setenta. Esta es la década de reestructuración del sistema capitalista mundial en la que se pro- duce un corte entre el capitalismo de reformas anterior, y un nuevo capitalismo extremo y desnudo que se implanta mundialmente en el curso del decenio de los ochenta en nombre de los "" ajustes estructurales"" y de la globalización y homo- geneización del mundo por la vía de los mercados. Hoy es común referirse a este capitalismo, sin mayor precisión, como neoliberalismo. Se trata de un capitalismo de tabula rasa que abandona toda perspectiva de evolución social en favor de sus políticas ""de choque"". Es un capitalismo que Milton Friedman, uno de los principales representantes de este nuevo capitalismo, llega a llamar ""capitalismo total""1."
sin,post1950,1073d1f046b0,"El sistema aplasta, no obstante ese aplastamiento produce reacciones. La victoria ha sido total, pero se hace sentir una realidad: que la victoria total lleva en sus entrañas la derrota. La victoria parece peor que una victoria de Pirro. Pirro, un rey de la antigüedad, dijo después de su victoria: otra victoria igual, y estoy perdido. Se cuidó de tener otra victoria igual, y siguió siendo rey. El capitalismo total, en cambio, ganó otra victoria igual, la segunda victoria de Pirro. Por ende está perdido. No está perdido a pesar de tener todo el poder. Está perdido precisamente porque ha logrado tener todo el poder. Es una sociedad sin rumbo que esconde su debilidad detrás del escudo de sus golpes de fuerza. La apariencia de una época vacía de cambios esconde el hecho de que se trata — como lo formula Xabier Gorostiaga — de un cambio de época."
sin,post1950,e153e45c9c2b,"la sociedad burguesa. En consecuencia pudo realizar el capitalismo de reformas, que le permitió inclusive hablar de la ""cara humana"" del capitalismo. Hoy no tiene esta capacidad. Por eso a nadie se le ocurre ya hablar de ninguna ""cara humana"" del capitalismo. La burguesía, justamente por ser omnipotente, ha perdido la ca- pacidad, y por tanto el poder, para enfrentar los problemas sociales, pero también del medio ambiente, de nuestro tiempo. Como nadie la puede cuestionar/nadie la puede obligar. Sin embargo, si nadie la obliga, la omnipotencia de la burguesía la hace impotente. Al no estar enfrentada a ningún cuestionamiento serio y con poder de negociación, la burguesía no puede producir sino el capitalismo salvaje de nuestro presente. No obstante, este capitalismo salvaje corta la rama del árbol sobre la cual todos estamos sentados. El capitalismo omnipotente se revela como una máquina auto- destructora, un monstruo que se devora a sí mismo. La mano invisible del automatismo omnipotente del mercado indica el camino hacia la muerte."
sin,post1950,bbb675a874a5,"El tercer artículo — ""La lógica de la exclusión del mercado capitalista mundial y el proyecto de liberación"" 5 — enfoca la formación de la ideología neoliberal como una ideología tautologizada, que permite justificar ciegamente la dinámica de los mercados sin considerar las consecuencias sobre el ser humano y la naturaleza."
sin,post1950,d964affc2df5,"A este sigue: ""¿Capitalismo sin alternativas? Sobre la sociedad que sostiene que no hay Alternativa para ella"" 6. La tesis del capitalismo actual, según la cual no hay alternativa para lo que está, revela justamente la emergencia de un nuevo totalitarismo. Si no hay alternativa no hay libertad, y el ser humano ya no tiene nada que elegir. Deja de ser un ente que se autodetermina. A esto corresponde la frase el ""fin de la historia""."
sin,post1950,cb787c9f4c9c,"4. Hinkelammert, Franz, ""Nuestro proyecto de nueva sociedad en América Latina. El papel regulador del Estado y los problemas de la auto-regulación del mercado"", en Pasos 33 (Enero-febrero, 1991); ""Las tareas futuras del Estado, frente al mercado y la sociedad civil, en el Istmo Centroamericano"", en Stein, Eduardo- Arias, Salvador (eds.): Democracia sin pobreza. Alternativa de desarrollo para el Istmo Centroamericano. San José, DEI, 1992."
sin,post1950,7d0551d04fb1,"6. Hinkelammert, Franz: ""¿Capitalismo sin Alternativas? Sobre la sociedad que sostiene que no hay alternativa para ella"" en Pasos No. 37 (Setiembre-octubre, 1991)."
sin,post1950,edc4dc78b9c5,"A este artículo sigue otro acerca de: ""La irracionalidad de lo racionalizado. Comentarios metodológicos sobre la racionalidad instrumental y su totalización"". Aquí se trata de formular los antecendentes metodológicos de las posiciones anteriores; de formular qué es lo racional en la vida social. Las racionalizaciones en nombre de la eficiencia que hoy pretenden ser la única racionalidad verdadera, tienen un efecto evidente de irracionalidad. De allí que se puede hablar sin miedo a equivocarse de la irracionalidad de la racionalizado. Para destacar esta irracionalidad, debe haber un concepto posible de racionalidad más allá de la racionalización en nombre de la eficiencia. El artículo busca formular estas condiciones de la racionalidad, que permitan enjuiciar la irracionalidad de la racionalizado."
sin,post1950,739493ce9b91,"Todos los artículos incluidos en este libro, excepto dos, han sido publicados antes, en su gran mayoría en la revista Pasos del DEI. He introducido sin embargo algunos cambios, inclusive en los títulos. No obstante estos cambios son mínimos. Por esta razón no los he marcado de modo especial, si bien en las notas corres- pondientes a este prólogo doy las referencias de estas publi- caciones. Muchos de estos artículos han sido publicados con posterioridad en otras revistas o ducumentos, pero no he creído necesario referirme a ello de forma explícita."
sin,post1950,5558a3af0746,"El conocido filósofo francés Glucksmann, quien recibió el premio de la paz de los libreros alemanes, en su laudatio para Havel habló de tres héroes de la lucha contra el totalitarismo en 1989: Solschenizyn, Rushdie y Havel. Ver: Friedenspreis des Deutschen Buchhandels 1989. Václav Havel. Ansprachen aus Anlafi der Verleihung. Frankfurt a. M., 1989, págs. 35s. Sólo que estos luchadores, a los que aprecio, están vivos. Los que luchan por la libertad en América Latina y el Tercer Mundo, en cambio, por donde se mire, son asesinados. Son muertos por las democracias occidentales. Democracias occidentales en El Salvador, Brasil, Colombia, Vene- zuela, Honduras, que cuentan con el apoyo indiscriminado de las democracias occidentales de Europa y EE. UU. La masacre de los jesuitas no es más que uno de los muchos casos. ¿No habrán sido ellos los verdaderos héroes de la lucha en contra del totalitarismo en 1989? Las democracias occidentales disparan a las vez que celebran sus premios de la paz, sin hablar siquiera de la guerra que ellas están llevando a cabo. Glucksmann decía: ""Fíjense bien: en el año 1989 se anuncia el fin de este siglo"", pág. 36. ¿No será más bien la masacre de San Salvador la que nos anuncia lo que viene?"
sin,post1950,26af5757f12a,"No existe necesariamente una relación causal entre ambos hechos — la caída del muro de Berlín y la masacre de los jesuítas de San Salvador — , aunque el timing llama mucho la atención. Pocos momentos históricos de los últimos años fueron tan propicios para la masacre que se realizó en San Salvador, como éste. No obstante, por más que la relación no sea causal, sin duda hay una relación simbólica innegable. Esta nos demuestra que un capitalismo que trató de aparecer desde los años cincuenta hasta los setenta como un capitalismo con rostro humano, ya no necesita hacerlo. Ahora de nuevo se puede presentar como un capitalismo sin rostro humano."
salvation,pre1950,052af3ee2bdc,"Redeem me then, 0 Lord, for Thou hast shewn unto me the undetermined and hidden things of Thy wisdom, that this very knowledge might aid me, and lead me unto salvation. These things, of a truth, the philosophers understood not. These things were to them undetermined. These things were wholly hidden unto them. None among men, except a few whom Thou didst love, had knowledge of these things, prior to the Incarnation of Thy Son."
salvation,pre1950,a2c8ad5cf5f2,"If, therefore, Thou hast shewn unto me the undetermined and hidden things of Thy wisdom and of Thy Scripture, why do I know them in vain ? For surely it is in vain that I know them if they do not lead me unto salvation. "" Because that, when in this wise they had known God ; they did not glorify Him as God, neither were thankful, but became vain in their imaginations. For professing themselves to be wise, they became fools."""
salvation,pre1950,3f7648d1ba9f,"0 merciful Lord, remember that Thou didst look upon Zacchaeus, as he climbed into the sycamore tree, and didst enter into his house, which Thou clearly wouldst never have done if Thou hadst beheld in him the image of the Devil. But because Thou sawest Thine image in him Thou hadst compassion on him, and bestowedst upon him salvation."
salvation,pre1950,3241ed874d4e,"He promised to restore fourfold his ill-gotten gains and to spend the half of his goods upon the poor, and he obtained mercy and salvation."
salvation,pre1950,1670fb8f84e2,"There is no salvation for me, except in Thee,"
salvation,pre1950,597b73883cb4,^'Restore unto me the joy of Thy salvation ; and establish me with Thy free Spirit/'
salvation,pre1950,1870f0f480d9,"All things are small which are transitory. All carnal things are small. The spiritual are great and precious. Take away the spirit, take away the soul from the body, what remaineth but excrement ? what but dust and a shadow P Therefore there is as wide a difference between the spirit and the body as between the body and its shadow. Who, therefore, asketh of Thee carnal things asketh small things. But whoso demandeth spiritual things, verily demandeth great things. But he who asketh the joy of Thy salvation asketh the greatest of all."
salvation,pre1950,c4adec356fa6,"For what is Thy salvation but Jesus, Thy Son ? This is the true God and eternal life."
salvation,pre1950,d6496fdaf3b8,"Why, then, may I not ask of Thee, 0 infinite and most bountiful Father, this salvation which Thou didst yield up for me upon the cross ? He is the greatest and infinite Gift, and I am not worthy of a Gift so great. Nevertheless it becometh Thee to give such great things. Hence, by reason of this ineffable tenderness, I dare to approach Thee trustingly and to ask the joy of Thy salvation."
salvation,pre1950,bdbb9605f564,"Behold ! Thy son returned from a far country, grieving and repentant, asketh of Thee a fish of faith ; (for, just as a fish lurketh beneath the waters, so is faith concerning those things which are not seen.) He asketh, I say, a true faith, that he may rejoice in Thy salvation. Wilt Thou offer unto him a serpent ? Wilt Thou give to him 50 SAYOKABOLA."
salvation,pre1950,013e18566bbb,"I ask of Thee, 0 Lord, an egg of hope. That just as a chicken is hoped for from the egg, so Thou mayest grant unto me to come out of hope unto the actual vision of Thy salvation ; that out of hope itself the vision may come forth, like as the chicken from the egg."
salvation,pre1950,91b06522d95b,"I ask an egg of hope, that my soul may be sustained by very hope in this vale of tears, and may rejoice in Thy salvation."
salvation,pre1950,773c606e9c47,"I ask also of Thee the bread of Christ's charity, by which He communicateth Himself to all as bread, that I may always rejoice in Thy salvation. Wilt Thou give me a stone, which is hardness of heart ? God forbid."
salvation,pre1950,3dba97e75e90,"some for me, than that Thou shouldest restore to me the joy of Thy salvation ?"
salvation,pre1950,b4de24f137c6,"T recall how great peace, how great tranquillity of soul I did enjoy, when I rejoiced in the Lord, and exulted in God my Jesus. Yea, now I grieve the more, because I know what I have lost. I know what very great benefits I have lost. Yea, I clamor importunately—Restore to me the joy of Thy salvation: restore what Thou hast taken away from me on account of my sins: restore what I have lost through my own fault: restore, I beseech Thee, through His merits. Who ever standeth at Thy right hand and maketh intercession for us. That through Him I may feel that Thou art reconciled to me; that the seal is set upon my heart; that I may say with the Apostle—I am nailed to the Cross with Christ: nevertheless I live; yet not I, but Christ liveth in me."
salvation,pre1950,3820d6aeaec7,"Therefore, 0 Lord, establish me in Thy free Spirit, that I may continue fast in the joy of Thy salvation. Otherwise I am unable to persevere against so many warfares. The flesh lusteth against the spirit. The world presseth me on every side. The devil sleepeth not. Give to me the power of Thy Spirit, that a thousand may fall beside me, and ten thousand at my right hand, that I may be a faithful and strong witness of thy faith."
salvation,pre1950,9b0fc35376e7,"Ascribe not this to rashness, 0 Lord, if I desire to teach Thy ways unto the wicked. For, not as iniquitous, infamous, and in bonds, do I desire to teach the wicked. But if Thou shouldest restore to me the joy of Thy salvation; if Thou shouldest establish me with Thy free Spirit; if Thou shouldest deliver me from my woes, then I shall teach Thy ways unto the wicked."
salvation,pre1950,f425503b83fd,"*^ Deliver me from bloodguiltiness, 0 God, Thou God of my salvation : and my tongu eshall sing of Thy righteousness r"
salvation,pre1950,284a16c462f5,"Deliver me from bloodguiltiness, 0 God, the Author of my salvation : 0 God in Whom alone is my health."
salvation,pre1950,5849dd8dd0c2,"A great thing is Thy praise, 0 Lord; and it proceedeth from the fountain, of which the sinner drinketh not. For praLse is not fair in the mouth of a sinner. Deliver me from bloodguiltiness, 0 God, Who art my God, and the God of my salvation: and my tongue shall sing of Thy righteousness. Then, 0 Lord, Thou wilt open my lips, and my mouth shall shew forth Thy praise."
salvation,pre1950,86eac53a0a70,"For Thou hast said by the prophet, I will have mercy and not sacrifice. Therefore my mouth shall shew forth Thy praise; for this oblation honoureth Thee, and layeth open to us the way of Thy salvation."
salvation,pre1950,f06a9c85a765,Uniyei^al Salvation
salvation,pre1950,0f6b0140d9e6,"There is a College in Kirksville, Mo., the President of which is a Disciple, one of the Professors is a Presbyterian, one a Methodist, one a Universalist— all ministers. Kindly they had often canvassed the points wherein they differed; and finally concluded to have an Oral Discussion in the Chapel of the College, on Universal Salvation and Endless Punishment, and secured the undersigned as the Disputants."
salvation,pre1950,5162bdb7f4a1,UNIVERSAL SALVATION. Proposition First. The Bible teaches that all
salvation,pre1950,1836f4f1479f,"We have assembled to consider subjects of vast importance to us—to all. We know that we now live, and we are taught by revelation that we shall live forever. Mr. Sweeney, my opponent on this occasion, and myself admit this. But we differ widely, entirely, concerning the condition of mankind on the other side of the River. He will affirm in this discussion, that part of our race will be doomed to suffer endless punishment, while I expect to affirm the final reconciliation and salvation of the world. The proposition we shall first consider, and to which we shall devote two days, I being in the affirmative, reads thus—"
salvation,post1950,c73da2b91e68,"The sacrament of reconciliation has fallen into disuse among Roman Catholics. For the Holy See this signifies a loss of a sense of sin and reconciliation, rightly connecting moral consciousness and faith in salvation with sacramental cel¬ ebration. Cultural studies underscore the importance of ritual practices as an essential element of religion’s ability to deal with the experience of moral evil. However, decline in the frequency of confession may also be complicated by indifference among North American Catholics to current roles and power rela¬ tions in the Church. In light of moral individualism in society and new ways of envisioning the Church fostered by Vatican II, the challenge of moral education in the Church is complex, but hopeful. Effective religious education, responsive to the situation of contemporary Catholics, will seek innovative approaches that are rooted in the tradition and developed in communities of living faith. The es¬ say suggests that theories of transformative learning and communities of prac¬ tice offer helpful models for responding to the crisis of sin and reconciliation in Roman Catholicism."
salvation,post1950,60d52fbff10a,"The Magisterium—the authoritative teaching function of the Roman Catholic Church—is an expression of pastoral wisdom that identifies is¬ sues that are of central importance to the Catholic faith. It sets challenges for Catholic learning and pastoral practice. The Magisterium does not replace the creativity and responsibility of local churches to find conceptual clarity regarding sin and reconciliation and to use this crisis as an opportunity to discern what belonging to a community of faith and discipleship require. In fact, John Paul II (1984) encouraged local churches to engage in open dia¬ logue about sin and morality as a means of “profound renewal of their own consciences and lives, in the light of the redemption and salvation accom¬ plished by Christ and entrusted to the ministry of his Church” (§25). That kind of dialogue is a true catechesis, whose methods reflect a practical un¬ derstanding of how adults come to know and, consequently, how to support moral learning. “Authentic dialogue... always [occurs] with profound respect for consciences and with patience and at a step-by-step pace indispensable for modem conditions” (§25). Effective religious learning will pay attention to the need to find effective ways to stimulate inquiry—a necessary condition, as Lonergan (1967) reminds us, for understanding faith-based knowledge and for taking responsibility for what we know."
salvation,post1950,fb0fe09fba9a,"Religious teaching and learning do not exist in the abstract. Even particular teachings, aimed at correcting specific misunderstandings and practices, are only understood in a context of the life experience of the people who receive them. Religious and moral knowledge is purposeful, emanating in actions that embody faith, responses appropriate to the Gospel, goals to be attained, and hopes to be sustained that open the knower to the grace of salvation."
salvation,post1950,5064d3457a30,"John Paul II identified a legitimate concern. A shared moral sense is es¬ sential to any religion that wants to have an impact on the world. This is more urgent when the Church sees itself as a sacrament and instrument of the salvation of the world (Vatican Council II, 1965). While the crisis of sin and reconciliation is real, it is considerably more complex than a crisis of understanding and practice. The situation of the Church today reflects a cri¬ sis of moral authority and a resistance to power relationships implicit in the ritual of confession. Religious educators are charged with developing and implementing programs that respond to the Church’s need to regain its moral consciousness and sacramental efficacy. Their task is to be attentive to the Church’s authoritative teachings, while finding ways to discover and respond to the moral crisis as experienced by the laity. It requires sensitivity, wisdom, and vision that draw on the insights from the human sciences, while remain¬ ing faithful to Scripture and the living tradition of the Catholic Church."
salvation,post1950,c7ff71358c09,"The so-called crisis of sin and reconciliation may, at a deeper level, be a sign of a silent, but seismic shift in how Catholics view power and react to con¬ trol in the Church. Following Douglas (1982), Favazza (1998) suggests that rituals are most effective where there is strong group identity and tight social control. Traditionally, Catholics have viewed the sacraments as the means of salvation. Confession, in particular, supported the social power of the cler¬ gy in the Church. The confession of sin as the transgression of “firmly es¬ tablished ideological and behavioral norms...reestablished the boundaries of identity [and] the control of the hierarchical system” (p. 213). Absolution and access to the Eucharist depended on the judgment of the priest. From this perspective, it is no wonder that Catholics flocked to confession, but also that rituals could be seen as “strategies of control” (p. 231)."
salvation,post1950,46ea7fb6d4ff,"Drawing on the insights of anthropologist Bell (1992), Favazza (1998) adds that rituals may also be viewed as actions empowering the “ritual special¬ ists” (p. 217), placing them clearly in control of the means of salvation. When controllers of ritual attribute their authority over the rites to divine ordination, they risk placing their ecclesiastical role out of the reach of the faithful."
salvation,post1950,4fae0594e0a4,"Achieving the Council’s vision of the Church depends on Catholics em¬ barking on a passage driven by a free and personal commitment, won in the struggle to come to terms with their faith in a pluralistic milieu. Articulating what this faith means for Christian moral practice requires creativity in theo¬ logical understanding. Diversity becomes inevitable. The Church becomes plural, many churches, a community of communities—local, specific, and contingent. Their status as churches depends less on the ecclesiastical institu¬ tion and its authority and more on their ability to constitute themselves again and again through faith and practice, historically discerned and realized as grace. These local churches accept as their own the responsibility and author¬ ity to be a tangible sign of the world’s salvation. It is the guarantee—concrete and accessible in the world—of the victory of Jesus, the ultimate meaning and the absolute future of the world (Rahner, 1981a)."
salvation,post1950,82f4a02c78f8,"This notion of the Church as sign of this eschatological salvation is a pivotal concept that brings together the challenge of decentralizing authority in the institutional Church (and the urgency with which the laity must take responsibility for this to occur) and the critical issue of moral knowledge. To articulate a meaningful sense of sin and hope in the world, there is need for local, accessible communities to interpret and engage the Church’s soli¬ darity with the “joy and hope, the grief and anguish of the [people] of our time” (Vatican Council II, 1965, §1). A crisis of sin and reconciliation in the Church is, from this perspective, a symptom of the unforeseen difficulty of moving away from a natural law view of the Church and its authority to one of engagement with history and society. It is not simply the doctrinal under¬ standing of sin that eludes the grasp of many Catholics; it is the interpretive horizon itself that leaves them baffled."
salvation,post1950,c9bff5d58e72,"Moral knowledge is most adequately understood as historical knowledge. This is how the meaning of sin and salvation is disclosed in the biblical narra¬ tives, where virtue and vice, fidelity and sin, alienation and reconciliation are discovered in the confusion, hardship, and tragedy of human experience. In Scripture, moral knowledge is construed not as a doctrine, but as a faith-filled response to the unpredictable unfolding of events in “the drama of salvation” (Schwager, 1999, p. 146). Moral knowledge is not “pure knowledge detached from any particular kind of being” (Gadamer, 2004, p. 314) because through it, we come to know ourselves as moral agents and recognize individual and collective human responsibility. The purpose of moral knowledge is, thus, “to govern [human] action;” it is “concerned with what is not always the same but can also be different” (p. 314)."
salvation,post1950,23f68dfc56d8,"Religious educators, pastoral ministers, and leaders in Catholic education face a formidable task. It cannot be met all at once, but must be responded to incrementally. There are two critical issues to attend to: The first is the need of the Church to build communities of faith, where moral consciousness and commitment can develop and make good the Church’s potential to be the sac¬ rament of salvation of the world (Vatican Council II, 1965). A renewed sense of sin and of the symbols of reconciliation are integral to that task. Second, the willingness of the Catholic faithful to engage in learning that is essential to such a transformation must be adequately weighed. This kind of learning implies the transformation of people and of communities. While it represents a vital need of the universal Church, the institution cannot drive the process or dictate the agenda. In this regard, religious education must take seriously the potential of knowledge-based communities as models for moral learning."
salvation,post1950,49af02314169,"Sharing stories and concerns leads to a sense of reality, supplies a foun¬ dation on which to respond, and contributes toward placing experience at the core of learning and making participants responsible for advancing the critical process. They thus come to recognize and confess their own knowl¬ edge of sin, experienced as attitudes, behaviors, dispositions, and actions at variance with Catholic beliefs. At the same time, they come to recognize and understand the values and virtues necessary for the Church to be a sign of salvation in the world. When the learners come to know what repentance and reconciliation entail, they are in a position to rediscover the ritual expressions that can activate the symbols of faith and their transformative power. The theory of transformative learning yields insights into how this process can be facilitated and supported by religious educators."
salvation,post1950,6f0bcc78bc33,"Schwager, R. (1999). Jesus in the drama of salvation: Toward a biblical doctrine of redemption (J. G. Williams & P. Haddon, Trans.). New York: Crossroad."
salvation,post1950,cc09ec110263,"TERMINATOR SALVATION (PG13) 12:40,3:25,6:15,9:20"
salvation,post1950,a4d8d4467f6a,"TERMINATOR SALVATION (PG13) 7:40,10:30"
salvation,post1950,6312c2106413,"TERMINATOR SALVATION (PG13) □ Ml 2:00,4:40,7:30,"
salvation,post1950,f85bf9e98369,"TERMINATOR SALVATION (PG13) 1:30,4:10,6:50,9:35 ANGELS & DEMONS (PG13) 1:00,4:00,7:10,10:20 STAR TREK (PG13) 1:35,4:35,7:40,10:30"
salvation,post1950,05d4b9255423,"NIGHT AT THE MUSEUM: BATTLE OF THE SMITHSONIAN (PG) 12:35,3:10,5:45,8:15,10:50 TERMINATOR SALVATION (PG13) 1:10,4:05,7:10,9:50 TERMINATOR SALVATION (PG13) ED Ml 10:45 PM ANGELS & DEMONS (PG13) 1:25,4:30,7:45,10:55 STAR TREK (PG13) 1:05,4:25,7:25,10:25"
salvation,post1950,d03fdda6707f,"NIGHT AT THE MUSEUM: BATTLE OF THE SMITHSONIAN (PG) 1:10,4:10,7:35,10:05 TERMINATOR SALVATION (PG13) 4:45,7:45,10:20 STAR TREK (PG13)1:45"
salvation,post1950,45ec7838d316,"TERMINATOR SALVATION (PG13) 12:50,3:45,6:25,9:20"
salvation,post1950,92963193da54,"DANCE FLICK (PG13) 8:25,10:35 NIGHT AT THE MUSEUM: BATTLE OF THE SMITHSONIAN (PG) 12:10,1:55,2:55,4:25,5:35,7:10,9:40 TERMINATOR SALVATION (PG13) 2:20,5:10,7:50,10:40 ANGELS & DEMONS (PG13) 1:10,4:10,7:40,10:50 STAR TREK (PG13) 1:25,4:15,7:10,8:10,10:05,11:10"
salvation,post1950,774e8881d181,"NIGHT AT THE MUSEUM: BATTLE OF THE SMITHSONIAN (PG) 1:45,4:15,7:15 TERMINATOR SALVATION (PG13) 7:20 ANGELS & DEMONS (PG13) 1:35,4:35,7:35 STAR TREK (PG13) 1:30,4:30"
salvation,post1950,27dc86b35725,NIGHT AT THE MUSEUM II (PG) TERMINATOR SALVATION (PG-13) ANGELS AND DEMONS (PG-13)
salvation,post1950,6d1bcff18673,OC: TERMINATOR SALVATION (PG-13) TERMINATOR SALVATION (PG-13) ANGELS AND DEMONS (PG-13)
salvation,post1950,a3cd9a5af02f,TERMINATOR SALVATION (PG-1 ANGELS AND DEMONS (PG-13)
salvation,post1950,5cf42be66162,NIGHT AT THE MUSEUM II (PG) TERMINATOR SALVATION (PG-13)
damnation,pre1950,b86c53f823b3,VII. THE DAMNATION OF WOMEN . . . 163
damnation,pre1950,fe90a09c4e70,VII THE DAMNATION OF WOMEN
damnation,pre1950,404f3af96439,"The world wants healthy babies and intelligent workers. Today we refuse to allow the combination and force thousands of intelligent workers to go child less at a horrible expenditure of moral force, or we damn them if they break our idiotic conventions. Only at the sacrifice of intelligence and the chance to do their best work can the majority of modern women bear children. This is the damnation of women."
damnation,pre1950,3f9105fab96d,THE DAMNATION OF WOMEN 165
damnation,pre1950,f94bd301b79b,THE DAMNATION OF WOMEN 167
damnation,pre1950,3b5b4508925e,THE DAMNATION OF WOMEN 169
damnation,pre1950,b5b6dc2e1289,THE DAMNATION OF WOMEN 171
damnation,pre1950,c0ee0531ed0f,THE DAMNATION OF WOMEN 173
damnation,pre1950,90987a797f7f,THE DAMNATION OF WOMEN 175
damnation,pre1950,f30185db4e15,THE DAMNATION OF WOMEN 177
damnation,pre1950,107e0d58558d,THE DAMNATION OF WOMEN 179
damnation,pre1950,381c8faea901,THE DAMNATION OF WOMEN 181
damnation,pre1950,85af14962447,THE DAMNATION OF WOMEN 183
damnation,pre1950,7fec946c0f81,THE DAMNATION OF WOMEN 185
damnation,pre1950,ac6cb7cc2b61,The dark damnation
damnation,pre1950,dc39a2cfbff1,lY. JUSTICE OF GOD IN THE DAMNATION OF SINNERS.
damnation,pre1950,d64d9f64441e,"damnation, 2 Pet. iii. 16. We see they have the free use of scripture, in every part of it ; there is no text so precious and sa- cred, but they are permitted to abuse it, to the eternal ruin of souls; and there are no weapons they use, with which they do more execution. There is no manner of reason to determine, that the devil is not permitted thus to abuse the scripture, as well as his instruments. For when the latter do it, they do it as his instruments, through his instigation and influence : and doubtless the devil's servants do but follow their roaster, and do the same work that he does himself."
damnation,pre1950,5dfb06e0cfc1,"Legal humiliation has in it no spiritual good, nothing of the nature of true virtue ; whereas evangelical humiliation is that wherein the excellent beauty of Christian grace does very much consist. Legal humiliation is useful, as a means in order to evangelical ; as a common knowledge of the things of religion is a means requisite in order to spiritual knowledge. Men may be legally humbled and have no humility ; as the wicked at the day of judgment will be thoroughly convinced that they have no righteousness, but are altogether sinful, exceeding guilty, and justly exposed to eternal damnation — and be fully sensible of their own helplessness — without the least mortification of the pride of their hearts. But the essence of evangelical humilia- tion consists in such humility as becomes a creature in itself ex- ceeding sinful, under a dispensation of grace ; consisting in a mean esteem of himself, as in himself nothing, and altogether contemptible and odious ; attended with a mortification of a dis- position to exalt himself, and a free renunciation of his own glory."
damnation,pre1950,4e5a89a30352,"esborted tliem to bring furlh fmits meet for repentance, Maith. iiL 8. i. c. agreeable to that repentance which they had professed ; euconraging them, that if they did so, they should escape ibe wratli to come, and be gathered as wheat into Gad's garner, Matih. iii. 7, 6 — 10, 12. So the apostle Peter says to ihe Jew*, Acts ii. 38. Repent, ami he baptized: which slicn-s, that repeot- ance is a quaiiflcution that must be visible, in order to baptisin; and therefore ought to be publicly professed. So when the Jews that returned from captivity, entered publicly into covenant, h was with confession, or public profession of repeutnoce of their sins. Neb. is. 2. This profession of repentance should include or imply a profession of conviction, that God would be jn$t id our damnation i (see Neh. ix. 33 — 35. and cbap. s.) They should profess their faiih in Jesiu Christ, that they embrace Christ, rely upon liim as their Saviour wiih their whole hevts, and joyfully entertain his gospel. Thus Philip, in order to his baptizing the eunuch, required him to profess, that he brliertd ii>it/i all hix heart. They wh^ were received as visible Cbrisiiant, at that great out-pouring of the Spirit, which began at ibc day of Pentecost, appeared gludlif to receive, the g-ospd : Acts li. 41. Then they that gladly received the word, tccre briptizcd : and lit iCime day there inere added unto thetn about three thousand toiik, They should profess that they rely on Christ's rigbteousnesi isd strength, that they are devoted to him as tlicir only Lord and Saviour, and that they rejoice in him as their only rigiiieousness and portion. It is foretold, that all nations should be brangtil publicly to make this profession, Is. xlv. 22, S:c. Tjook taUo mr, and he ye $aved, ali the auls of the earth ; for I am Ooet, and ^urt it none else. I havs sworn hy myself, the irord is gone out ef a^ mouth in righteousness, and shall not return, that ttnto tnt eten knee ghalt boip, every tongue shall ttrear. Surety shall one nw, U ifaXord hare I righteousness and strength : even unto him Ml mett come, and all tJieit are inrensed against him nhaH V tuAamrJ- In the t^rd shall aft the seal of Israel lie jusfifiril, atut sfiattglt»f. They should profess lo give up tbemsctveg entirely to ClirUl,aDd to (~io(I through him; as the cliitdrcn of Israel, when they nab- tidy recognized their covenant with tiod ; Deut. sxvi. 17. 7li« hast avottrhed the Lord this day tabe thy Gotl, nnH to ttatt im i» ways, and to krep his statutes, and his eommitudmrnts, and Hi judgmetits, and to hcarhen mito histviee. They ouglit lo proAii a willingness of heart to embrace religion with nil iu difficullitt, and to walk in a way of obedience lu God iiniveraally nnd pv* severingly; {Kxod. lii. 8. and xxiv. 3, 7. Dent. x»vi. 1ft— 18. 2 Kings xxiii. 3. Neh. x. 28, 29. Psiil. c^h. 57, KKJ.) IVy ought to profess, that nil ibeir hearts and soiiIf are tn iltew »■ gagements to be the Lord's, and for ever lo serve him, 2 Cbrw"
damnation,pre1950,fd0cd74008dc,Damnation of Sinners. V. The Excellency of Jesus Christ.
damnation,pre1950,374a28663642,"'ery one that continnes not in all things coulaJued in this them."" All duties of positive institution are virtually bended in this law ; and therefore, if the Jews broke the nial law, it exposed llicm lo the penally of the law, or cove works, which ilireateued, "" thou shall surely die."" The the eternal andnnalierable rule of righteousness between G( man, and therefore is the rule of judgment, by- which all thai man does shall be either jusliiJed or condemnt-d ; und no sin «- poses to damnation, but by the law. So now he that rcfuiei to obey the precepts that require an attendance on the sacramenls of Ihe New TesEanient, is exposed to damnation, by virtue of iht law or covenant of works. It may moreover be argned, tbtt ift sins whatsoever are breaches of the law or covenant ofworb, b^ cause all sins, even breaches of the positive precepts, as well ■ others, have atonement by the death ofChrist : but what Cbrid died for, was to satisfy the law, or to bear llie cturse of ilto Uwi as appears by Gal. iil. 10 — 13, and Rom. vii. 3, 4."
damnation,pre1950,865fa8aa6d6c,"What has been said in answer to these objections, may also, I hope, abundantly serve for an answer to another objection, often made against this doctrine, viz. that it encourages licentiousness in life. For, from what has been said, we may see that the scrip- ture doctrine of justification by faith alone, without any manner of goodness or excellency of ours, does in no wise diminish either the necessity or benefit of a sincere evangelical universal obedi- ence. Man's salvation is not only indissolubly connected with obedience, and damnation with the want of it, in those who have opportunity for it, but depends upon it in many respects. It is the way to salvation, and the necessary preparation for it ; eternal blessings are bestowed in reward for it, and our justification in"
damnation,pre1950,be4ca167525c,"The use I would make of this doctrine, is of exhortation to all Christless persons to press into the kingdom of God. Some of you are inquiring what you shall do? You seem to desire to know what is the way wherein salvation is to be sought, and how you may be likely to obtain it. You have now heard the way that the holy word of God directs to. Some are seeking, but it can- not be said of them that they are pressing into the kingdom of heaven. There are many that in time past have sought salvation, but not in this manner, and so they never obtained, but are now gone to hell. Some of them sought it year after year, but failed of it, and perished at last. They were overtaken with divine wrath, and are now sufiering the fearful misery of damnation, and have no rest day nor night, having no more opportunity to seek, but must suffer and be miserable throughout the never-ending ages of eternity. Be exhorted, therefore, not to seek salvation as they did, but let the kingdom of heaven suficr violence from you."
damnation,pre1950,f9a7515cd7ff,"5. Consider in what sad circumstances times of extraordinary effusion of God's Spirit commonly leave persons, when they leave them unconverted. They find them in a doleful, because in a natural condition ; but commonly feat?^ them in a much more doleful condition. They are left dreadfully hardened, and with a great increase of guih, and their souls under a more strong do- minion and possession of Satan. And frequently seasons of ex* traordinary advantage for salvation, when they pass over persons, and they do not improve them, nor receive any good in them, seal their damnation. As such seasons leave them, God for ever leaves them, and gives them up to judicial hardness. Luke xix. 41, 42. ^' And when be was come near, he beheld the city, and wept over it, saying. If thou hadst known, even thou, the things which belong unto thy peace! but now they are hid from thine eyes,"""
damnation,pre1950,ceaacc666950,"4. Do you thiDk you can bear the damnation of hell f Do you imagine that you can tolerably endure the devouring fire, and everlasting burnings ? Do you hope that you shall be able to grapple with the vengeance of God Almighty, when he girds himself with strength, and clothes himself with wrath? Do you think to strengthen yourself against Gcid, and to be able to make your part good with him ? 1 Cor. x. 22. "" Do we provoke the Lord to jealousy ? Are we stronger than he ?"" Do you flatter yourself that you shall find out ways for your ease and support, and to make it out tolerably well, to bear up your spirit in those everlasting burnings that are prepared for the devil and his an- gels.^ Ezek. xxii. 14. "" Can thine heart endure, or can thine hands be strong, in the days that I shall deal with thee?"" — It is a difficult thing to conceive what such Christless persons think, that are unconcerned at such a time."
damnation,post1950,37d85f89a4a5,THE DAMNATION OF THERON WARE
damnation,post1950,3e6a470c7c14,THE DAMNATION O? THEROlJ WARE
damnation,post1950,6f027eb10234,THE DAMNATION OP THERON WARE
damnation,post1950,1bc53e33310f,■ttlE DAMNATION OP THERON WARE
damnation,post1950,91d0f267fab5,THE DAMNATION OP THERDN WARE
damnation,post1950,ad10f258efce,THE DAMNATION OF THERON WABE
damnation,post1950,12064e796dc0,THE DAMNATION OF THEHON WARE
damnation,post1950,bd70cf61dfa1,THE DAMNATION OF TIIERON WARE
damnation,post1950,97dd1191e8ab,"THE DAMNATION"" OF THERON WARE"
damnation,post1950,1172e5de44af,THE DAMNATION OF THERON WAKE
damnation,post1950,4abe4578787f,TEE DAMNATION OF THERON WARE
damnation,post1950,9cd339bd0c5e,THE DAMNATION OF THEEON WARE
damnation,post1950,b63c21109848,THE DAMNATION OF THERON WARE is—I took it for granted all physicians thought
damnation,post1950,1b5d8c832fcd,THE DAMNATION OF THEROS WARE
damnation,post1950,df50fedd4dae,THE DAMNATION OF THERO^
damnation,post1950,5a4ed0a0adf8,THE DAMNATION OF THBRON WAl^
damnation,post1950,5a8a8a3c9e6f,THE DAMNATION OF THERON WAHE
damnation,post1950,d738a4d1c96a,THE DAMNATION OF THESON WARE
damnation,post1950,843f6f02ff93,-raE DAMNATION OF THEEON WARE
damnation,post1950,a35cd644afe0,THE DAMNATION OF THKRWr W&KB
damnation,post1950,081549a4a8c1,THE DAMNATION OF THEROX WAIJE
damnation,post1950,a23fb5e09406,niE DAMNATION OF THERON WARE
damnation,post1950,5a39e234310e,' THE DAMNATION OF TSIERON WARE
damnation,post1950,ee06fdc2591f,THE DAMNATION OF TttERON WARE
damnation,post1950,fd4b8e22aa26,THE DAMNATION OF THBRON WARE
repentance,pre1950,fa4cdd0b21f5,"3. Children ought to give very ready and careful attention to their parents* instructions. They are very dependent for all they learn, upon the instruction which their parents give them, and they ought to receive these instructions with docility and readiness. And yet, sometimes children do not wish to learn what their parents teach them. Sometimes they think there is a better way than that which they recommend; so they do not follow their directions. There was a boy who was left-handed. He had had great inconvenience and trouble from it. When he was very young, his mother told him that it would be better for him to learn to use his right hand. She tried to persuade him to change the habit which he was gradually forming of giving his left hand the preference; but he would not make any effort. He thought his mother was mistaken. He could not see why it was not as well to use one hand as another; and so he went on, making no effort to change, until, at length, he became incurably left-handed. When he grew up and experienced the inconvenience and awkwardness of his habit, he was very sorry that he had been so foolish when he was young, as to think that he knew better than his mother. His repentance came too late."
repentance,pre1950,cd94c56de59f,"2. When we deliberately and honestly think that the evil which any person has done, will be likely to be done again by himself, or that the example will be imitated by others, uoless the guilty one suffers some penalty ; and when we have a right, by our being the parent, or guardian, or teacher of the one who has done wrong, to inflict the penalty ; and when we do it honestly, for the sake of doing him or others good, and not to gratify our bad passions, then we do right to punish. Pain inflicted, not angrily as a retaliation, but calmly and deliberately as a remedy* is punishment. Some persons have a right to punish, and some have not. Parents and guardians have a right by nature and by the law of God to punish their children, and masters have the right by law to punish their apprentices. Teachers have it by delegation, — that is, parents and guardians, by sending the children to school, delegate or commit the right to punish them to the teacher. In all cases punishment should be followed by full forgiveness, as soon as the offender expresses his sorrow and repentance."
repentance,pre1950,da0a64f93d1b,the pleasantest way. It is repentance. Endeavoring
repentance,pre1950,c89705b852a1,"It is not enough, however, merely to say that you know you have done wrong. Repentance must be sincere ; it must come from the heart. We must feel how evil it is to do wrong, even in what might be considered a trifling matter. A boy pushes his little sister down, because she has done something that he did not like. Now, when he is reproved for it, he ought to think that, though a little push is very trifling, yet that an angry spirit, leading, to an act of violence, is very serious. It is the thought as well as the deed, which gives the character to an action; and this we should think of, whenever we have done wrong, and acknowledge, not carelessly and indifferently, but with real sorrow for the wrong spirit which the action showed."
repentance,pre1950,4bc750c99d97,REPENTANCE. 121
repentance,pre1950,a38359984c5d,"True repentance is essential to restore our peace of mind and happiness, when we have committed any great and serious sins. True repentance makes us willing to see and to admit that we have been guilty ; it makes us truly sorry that we have thus yielded to temptation and done wrong, and it makes us desirous to abandon the sinful course at once, and to return to duty. Thus true repentance brings with it reformation ; and it leads us, not only to avoid sinning again, but to repair as far as we can whatever injury our sin has already done."
repentance,pre1950,fe25715e4938,"There is a false repentance. That is, there are certain feelings which seem like repentance in some degree, but which really are not, but are something very different. A boy took the key of his own chest, one afternoon, when his father was gone away, and tried to 122 A PRIMER OF ETHICS."
repentance,pre1950,6865843cca8d,"unlock his father's desk with it, to steal some money. He put his key into the lock, but it did not fit exactly, and at length, in turning it, it was caught so that he could not get it either back or forward, and, at last, after trying a long time to get it out, he had to go away and leave it,—his mind in a state of great agitation and terror. He was afraid that his father would come home at night, and find his key in the lock of the desk, and so he would be detected. He was very sorry, indeed, that he had ever attempted such an act. But his feeling was not repentance; it was fear of detection. He was not troubled by the thought of the wickedness of stealing his father's money, but of the danger that he should be detected and punished. It was remorse and terror, not repentance; and it did not lead him to confess and forsake his sin, but only to think of every possible way that he could contrive to conceal it."
repentance,pre1950,8b0d5dc9edd3,"True repentance is not fear of being detected, nor fear of being punished; nor is it merely the feeling of guilt and self-condemnation at having done what is wrong. It is such a sorrow for the wrong as leads us to acknowledge, and not to conceal it, and to repair the injury it has done ; and it makes us sincerely desire, and firmly determine, to do so no more."
repentance,pre1950,81cdf109b029,REPENTANCE. 123
repentance,pre1950,5f964d538722,"Can our peace of mind be restored, after we have done wrong, except by true repentance?"
repentance,pre1950,6dc4976bb2ec,What is felse repentance?
repentance,pre1950,91dcba4d449e,"Was his anxiety, when he found he could not get the key out, true repentance ?"
repentance,pre1950,cd2f1dc38363,What does true repentance lead us to do ?
repentance,pre1950,3d6279681014,"Pet. I am to preach repentance and remission of sins to every OHt of you, says Peter."
repentance,pre1950,704d872fafdd,"4. But yet even such a man is bound externally : for this is the meaning of that famous saying of St. Gregory ;f "" Pas- toris sententia etiam injusta timenda est; — The sentence of a bishop, though it be unjust, is to be feared ;"" that is, though it be in a cause that is not great and competent enough, but if it be in a light matter, yet it is to be feared ; not only because the man is deprived of the prayers arid communions of the Church (which, though it happen to an innocent per- son, is a great evil, and therefore is to be feared though it be in all senses unjust) ; but also, because it binds the man that is deprehended even in a light fault, to submit to the judg- ment and satisfactions of the Church. The burden is very great, and ought not to have been imposed ; but when it is, it must be suffered, because no repentance can be too great"
repentance,pre1950,a97776da4f9c,"that is of great use and consideration, and that is, That when a law is made, that whoever shall commit such a fact, shall be ' ipso facto' excommunicate, it must never be under- stood of the greater and proper excommunication ; for if it be, it is unlawful and it is ridiculous. For the abscission from the Church is not to be used but after all other remedies : when the crime is delated or notorious, and the person called, when he hath been admonished and reproved, and called to repentance, — if after all he refuses and rebels, then he is to be cut off, else not : and therefore no man is ' ipso facto' cut off. The offence alone deserves it just as it deserves damna- tion : but because God is pleased graciously to call a sinner to repentance, and cuts him not off till he hath refused his gentleness and forbearance, the Church must do so too, fol- lowing the economy of God : for if the Church kills on earth and God saves in heaven, it is clear she hath not rightly used her power, and therefore must not kill at the first dash."
repentance,pre1950,c36ede664fc7,"1. THAT is, all prohibited communion is unlawful : as, if they be driven only from holy offices, then we must not admit such persons to our assemblies ; if a civil intercourse be prohibited, that the criminal by shame might be brought to repentance, then that also must be denied him ; for if he be bound by the censure of the Church, then we also, who are the relatives of that coercion, are tied to do our duty to the Church."
repentance,pre1950,ca90476cf07c,"verification, according to that of St. Austin/ "" Si fratrem habes pro ethnico et publicano, ligasti ilium in terris ; si correxeris fratrem, solvisti ilium in terris."" The people are to bind and loose, that is, to esteem him that is bound, as a heathen and a publican, and to assist in the correcting of him, by bring- ing him to repentance by the instrument of shame. But this being matter of office, and not merely of benefit, it is evident that it is a precept, and not a leave only, a command- ment, and not an indulgence."
repentance,pre1950,a17579229603,"4. But secondly ; External observances can become reli- gion, if they be the outward act of an inward grace; as giving money to the poor, worshipping God with the body ; that is, when they naturally express what is conceived and acted within, not when they come from without : a commandment of man may make these actions to be obedience, but they are made religion by the grace within, or not at all. Thus fast- ing can be an act of religion when it is naturally consequent to penitential sorrow, and the hatred of sin : but when it is enjoined by men, then it is but an instrument, and may be separate from all religion, and may be no act of repentance, and can be made to be religion by no man but by the nature of the thing."
repentance,pre1950,4f7097073bf1,"4. To the solution of which question, first, we are to con- sider to what end the Church enjoins her fast. For whoever is involved in that end is also concerned in the law, ordina- rily and regularly. Thus if a fast be only indicted to suppress incontinence, they who have no temptation to it, or have a suf- ficient remedy by which they please God, are not bound by that law but in the cases of scandal and contempt. ' Fasting spittle kills a serpent,' saith Pierius ;b but if a man have a rod in his hand that will do it sooner, that law would be fantas- tical that should command him to stay till he could kill the snake with his fasting spittle. But if the Church intends many good ends in the canon, any one is sufficient to tie the law upon the conscience, because, for that one good end, it can be serviceable to the soul. And indeed fasting is of that nature, that it can be a ministry of repentance by the afflic- tion,— and it can be a help to prayer, by taking off the loads of flesh and a full stomach, — and it can be aptly ministerial to contemplation ; and if fasting were only for mortification of lustful appetites, then a virgin might not safely fast in pub- lic, lest she fall into the suspicion of incontinence, or be ex- posed to the bolder solicitations of the young men. Now be-"
repentance,pre1950,289dc7586dd5,"But because it is not enough that any thing be, in its own nature, honest and just, unless it be also honestly and justly done, according to that saying of the wise man, "" Qui sanctitatem sancte custodiunt, judicabuntur sancti; — They that keep holiness holily, shall be adjudged holy;"" to make up the rule of conscience complete, it is necessary that it be considered by what rules and measures a good action may be rightly conducted, and how all may be rightly judged, that we pass on to emendation, either by repentance or im- provement, that a good action may not be spoiled, and an evil may not be allowed, but that, according to the words of the apostle, we may be tig <xav 'i^yov ayo&w ^"
repentance,pre1950,23d4e79efd67,"And there is no such thing as virtue, no praise, and no law. But in all this there is nothing new. For these were long since the discourses of St. Austin against the Manichees, and St. Jerome against the Pelagians : and St. Leo, by these very mediums, confutes the Priscillianists, as appears in his nineteenth epistle to Turibius the bishop. But certainly that is a strange proposition, which affirms that nothing is possible but what is done ; and to what purpose is repentance? No man repents that he could not speak as soon as he was born, and no man repents that he was begotten into the world by the ordinary way of all the earth. He that repents, is trou- bled for doing what he ought not, and what he need not. But I will go on no further in this particular ; not because I can- not choose, for I could add very many more things ; but be- cause if a man hath not power to will or nill, it is to no pur- pose to write cases of conscience, or, indeed, to do any thing as wise men should. A fool and a wise man differ not, a lazy man and a diligent, a good man and a bad, save only one hath a better star ; they differ as a strong man and a weak : but though one be the better thing, he is not the better man. But I am not here to dispute, yet I shall observe a few things which may be useful to the question, as the question can minister to practice."
repentance,pre1950,356107e46486,"12. Let no man think that either God will, or that the devil can, make us sin. God loves not sin, or that we should die ; and therefore will not divide his own kingdom, or set up that by his effective power, which, by his legislative, and his persuasive, and his natural, and eternal, he intends to destroy. And as for the devil, he can tempt indeed ; but unless we please, he cannot prevail ; it is our consent and willingness that make him conqueror. And if we be really persuaded of these plain and evident truths, there is a plain way made to encourage our industry, to actuate our caution, to glorify God, to ' work out our salvation with fear and trembling,' to ' walk humbly with our God,' to divest ourselves of all ex- cuses, to lay the burden where it ought ; that is, to walk in the right way, in the way of duty, and the paths of the Divine commandments, without tempting ourselves, or being fooled and cozened out of our duty, or hindering our repentance and humiliation, if we have done amiss."
repentance,pre1950,9c6fa24b217b,"31. This is true also in the habits or actions of any one virtue, when it is alone, or when it comes in upon the stock of nature, or education, or passion, or human laws. He that does one good act for Christ, though he do no more, by that one action declares himself to be no enemy, and therefore he shall not lose his reward : though he give but ' a cup of cold water to a thirsty disciple,' in that capacity of his being a disciple ; nay, if it be but in consideration of his being thirsty, if it be but by a natural pity and tenderness, by the emotions of humanity, by the meltings of a worthy disposi- tion and of tender bowels : and therefore much more shall every worthy habit, though it be alone, though entering from a less perfect principle than a spiritual and Christian grace. The chastity of Lucretia, the honesty of Decianus, the. truth of Rutilius, the bravery of Scsevola, the repentance of Ahab, the humiliation of Manasses, the zeal of Jehu, the compassion"
repentance,post1950,2ef63c8b04c4,"Younous (Jonas) -que la paix soit sur lui- : Qui surpassa les ténèbres dans un état d’extase marqué de repentance, de dhikr (rappel d’Allah) et d’invocations ;"
repentance,post1950,2309c162e28f,"Allah Très-Haut envoya les prophètes afin d’éveiller les gens à la repentance et à l’abandon de leurs péchés, d’assurer leur attachement à Allah en L’adorant, étant eux-mêmes un exemple de bonne mora¬ lité."
repentance,post1950,7003a9e55b90,"Après avoir quitté Baalbek, Ilyâs se rendit dans un village. Là, il invita les habitants de ce village à la foi véritable, à la repentance. Ces derniers crurent également en lui. Ils demandèrent à Ilyâs de rester à leurs côtés. Celui-ci accepta leur proposition et fut hébergé chez une vieille femme. Celle-ci avait un fils malade. Ilyâs fit une prière de deux rakats et implora Allah pour la santé de son fils. L’enfant recou¬ vra sa santé et ne quitta plus Ilyâs. Lenfant portait le nom d’al-Yasa’a (Elisée). Il apprit de lui la Torah."
repentance,post1950,b0ebed290ee8,"As the decades-long conflict between the Colombian military and the Fuerzas Armadas Revolucionarias de Colombia (FARC) comes to an end, the reconciliation process between these two warring factions presents a multitude of challenges. As Colombia’s national government attempts to expand its reach from urban areas into vast swaths of previously ungoverned rural territory, military, law enforcement and social services personnel will encounter a newly minted demilitarized zone populated by indigenous peoples suffering from illiteracy, poverty and the ravages of civil war. The end of the Colombian conflict instantly presents new priorities for national and regional leaders including the creation of infrastructure, the establishment of law and order, and the reintegration of rebel warriors into Colombian society. The Colombian government will call upon a vast array of forces including Non-Govemmental Organizations (NGOs) to tackle the many obstacles that threaten to derail a lasting reconciliation between government and rebel forces — and indeed between the dramatically different populations of urban and rural Colombia. This paper addresses the role that organized religion can play in this daunting process that includes repentance, forgiveness and ultimately, reconciliation."
repentance,post1950,faffc60538f7,"Tout d'abord, le besoin. Quand j'entre presque quotidiennement en contact avec des foyers brisés, des enfants délinquants, des gouver- nements corrompus et des groupes apostats et que je me rends compte que tous ces problèmes sont le résultat du péché, je voudrais crier avec Aima : «O, je voudrais... aller... avec une voix à faire trembler la terre, et crier repentance à tous les peuples!» (Aima 29 : 1)."
repentance,post1950,a65d47180a1b,"La trompette ne doit annoncer «... que la repentance à cette géné- ration» (D&A 6 : 9). Ainsi le message s'adresse au monde entier, et pas seulement aux membres de la vraie Eglise de Jésus-Christ des Saints des Derniers Jours."
repentance,post1950,fb50d3fe1d4b,"De même, le fait que l'auteur traite du péché et de la repentance ne sous-entend pas que lui ou ceux qu'il cite, à part le Seigneur lui- même, sont sans défaut. Mais nous ne serions guère poussés à être justes si tous les orateurs et tous les écrivains remettaient à plus tard toute discussion et tout avertissement jusqu'à ce qu'ils aient atteint eux-mêmes la perfection."
repentance,post1950,cf01074decce,"Et maintenant, comme je vous l'ai déjà dit, étant donné que vous ave eu tant de témoignages, pour cette raison, je vous supplie de ne pas différer le jour de votre repentance jusqu'à la fin; car, après ce jour de vie, qui nous est donné pour nous préparer à l'éternité, voici, si nous ne nous améliorons pas tandis que nous sommes dans cette vie, alors vient la nuit de ténèbres pendant laquelle nul travail ne peut être fait."
repentance,post1950,bf4bd079d242,"Oui bénis et heureux sont ceux qui peuvent résister au mal et vivre tous les jours de leur vie sans céder à la tentation. Mais pour ceux qui sont tombés, la repentance est le chemin du retour. La repen-"
repentance,post1950,d7e55ea107da,"Observez de nouveau l'accent mis sur les mots en italique. Et ne croyons pas qu'en appelant les gens à la repentance, les prophètes ne se soucient que des péchés les plus graves comme le meurtre, l'adul- tère, le vol et ainsi de suite, pas plus que des seules personnes qui n'ont pas accepté les ordonnances de l'Evangile. On doit s'être purifié de toutes les transgressions, avoir surmonté toutes les faiblesses pour pouvoir atteindre la perfection et la divinisation. En conséquence, le but de ce livre est de souligner qu'il est d'importance capitale que chacun de nous transforme sa vie par le repentir et le pardon. Les cha- pitres suivants traiteront plus en détail des divers aspects de ce sujet."
repentance,post1950,59316a64d5ca,"«Pour tous ceux qui lui obéissent», voilà les mots clefs pour nous. Et l'obéissance implique toujours la discipline de soi. Il en va de même de la repentance, qui est le moyen d'annuler les effets d'un manque d'obéissance précédent dans notre vie. Les avantages de l'obéissance et de la repentance valent bien l'effort."
repentance,post1950,1c2dea44422b,h.a repentance est la seule voie
repentance,post1950,e38392fbb1fc,"La repentance est toujours la clef d'une vie meilleure et plus heu- reuse. Nous en avons tous besoin, que nos péchés soient graves ou courants. Par la repentance nous percevons plus clairement les contrastes de l'affirmation de Paul : «Car le salaire du péché, c'est la mort; mais le don gratuit de Dieu, c'est la vie éternelle en Jésus- Christ notre Seigneur» (Rom. 6 : 23). Par la repentance nous pouvons être «sanctifiés de tout péché, (jouir) des paroles de vie éternelle dans ce monde et de la vie éternelle dans le monde à venir, à savoir la gloire immortelle» (Moïse 6 : 59)."
repentance,post1950,4d8abbcb1f24,"Et pourtant, tout le monde pèche dans une certaine mesure; par conséquent, nul ne peut appeler à juste titre les autres à la repentance sans s'inclure lui-même. C'est ainsi que nous lisons dans les écrits de Jean :"
repentance,post1950,3c2c0975db88,"C'est parce que le péché est universel, qu'il est grave et que la fin du monde est proche que le Seigneur a révélé à son prophète des der- niers jours, Joseph Smith, ce commandement : «Ne parlez que de repentance à cette génération» (D&A 6 : 9)."
repentance,post1950,f1972f40718a,"Une des histoires souvent racontées à propos de J. Golden Kimball rapporte ce trait d'esprit : «Les Frères ne peuvent pas me retrancher de l'Eglise, je me repens trop souvent». C'est là une grande leçon si on l'interprète correctement. Il n'y a absolument aucun jour dans la vie d'un homme quel qu'il soit ou la repentance ne soit pas essentielle à son bien-être et à sa progression éternelle."
repentance,post1950,2c0a7caf617a,"Mais quand la plupart d'entre nous pensent à la repentance, ils ont tendance à limiter leur perspective et à ne la considérer comme bonne que pour leur mari, leur femme, leurs parents, leurs enfants, leurs voisins, leurs amis, le monde, tous et chacun, sauf eux-mêmes. De même, il y a un sentiment très généralisé et peut-être inconscient que le Seigneur n'a conçu la repentance que pour ceux qui commet- tent le meurtre, l'adultère, le vol ou d'autres crimes atroces. Il n'en est rien. Si nous sommes humbles et désireux de vivre selon l'Évangile, nous en viendrons à considérer la repentance comme quelque chose qui s'applique à tout ce que nous faisons dans la vie, que ce soit de nature spirituelle ou temporelle. La repentance est pour toute âme qui n'a pas encore atteint la perfection."
repentance,post1950,8409c8c3ec0c,Les membres de l'Eglise ont besoin de repentance
repentance,post1950,a7e14331f8af,"Une autre idée fausse qu'entretiennent les Saints des Derniers Jours est que la repentance n'est que pour la personne qui n'appar- tient pas à l'Eglise de Jésus-Christ. Cette idée ignore non seulement la doctrine de l'Évangile et le bon sens, mais aussi les révélations for-"
repentance,post1950,c60eb9213caf,"melles de Joseph Smith, le prophète, dans lesquelles le Seigneur a profité de plus d'une occasion de réprimander les Saints et de les appeler à la repentance pour leurs mauvaises actions. A Kirtland, par exemple, il s'insurgea contre les pécheurs au sein de l'Eglise et leur dit nettement :"
repentance,post1950,85ac9ed1d740,Même ceux qui faisaient partie de l'école des prophètes eurent besoin de réprimandes et de repentance :
repentance,post1950,f342b4c56bf8,"Et Emma, la femme du prophète, fut appelée par révélation à la repentance :"
repentance,post1950,6f700636c26c,"Même Joseph Smith, le prophète, aussi grand qu'il fut, n'était pas parfait, et le Seigneur dut l'appeler à la repentance : «Et maintenant, mon serviteur Joseph, je te commande de te repentir, de marcher avec plus de droiture devant moi, de ne plus céder aux persuasions des hommes» (D&A 5 : 21)."
repentance,post1950,55f6f6bd35ad,"Le jeune prophète avait besoin de repentance comme tous les hommes. Il confessait honnêtement ses faiblesses. Dans son adoles- cence, quand il avait été solitaire dans l'intense persécution qui suivit sa glorieuse vision, il fut abandonné à toutes sortes de tentations. Il dit :"
repentance,post1950,a37506006471,"Si même les prophètes élus du Seigneur ne sont pas exempts de la nécessité de se repentir, que dire de nous, les autres? Il est clair que la repentance est pour tous, pour les Saints des Derniers Jours aussi bien que pour les autres."
grace,pre1950,8e72f08298b2,"had felt overawed by her superiority, and regarded her as a model of the most perfect excellence. Her ease and grace of manners—her beauty—her variety of conversation—her information—her acquirements, all were far superior to those of the most admired of her former companions. Catharine, on her part, had remarked the extreme, even painful bashfulness of Helenas manner, when, compelled to come into notice^ contrasted with the intelligence of her looks, and the expressive energy of her language and manners, when she mixed, unconscious of being observed, in general conversation. There was something in this mixture of bashfulness and apparent talent which excited Catharine's interest; she attempted to win Helen to be at her ease with her, and in doing this, treated her with a degree of kindness which Helen soon returned with the most unbounded and devoted affection. Catharine could not be insensible to this real and ardent regard; on the contrary, she returned it with a warmth that surprised herself; for she had supposed that Dunallan's disappointing conduct towards her, had given her affections a chill that they would not recover on this side the grave; but she found, that in the devoted affeotion of this ardent girl, the fondness of the children, to whom she every day became more tenderly attached, and the maternal interest, and Jdndness of Mrs. Oswald^ her heart was satisfied."
grace,pre1950,b245c203b71a,"Ephesians 1: 7. — In whom wo have redemption through his blood, tlie forgiveoess of siiis, according to the riches of his grace. . page 11"
grace,pre1950,7e5c565ffad7,"Acts 2ft 32L — And now, brethren, I commend you to God and to the word of his grace, which is able to build you up and to give you an inheritance among all them which are sanctified. ."
grace,pre1950,f02c41f85eee,"Acts 20: 32. — ^And now, brethren, I commend you to God and to the word of his grace, which is able to build you up and to give you an inheritance among all them which are sanctified. ."
grace,pre1950,121e98739a32,GRACE EVIDENCED BT ITS FRUITS.
grace,pre1950,f40d58b9a4d1,FREE GRACE IN FORGIVENESS.^
grace,pre1950,4dc7a00bd757,EpHESiAifS 1 : 7. — In whom toe have redemption (hrough his bloody theforgivi' ne$8 ofnnBf according to ths ridus of his grace.
grace,pre1950,0e70534bff3f,"The doctrine of the forgiveness of sins is a capital doctrine of the gospel. As it is much insisted on by the other writers of the New Testament; so it is above all, by the author of this epistle. In our text, he asserts that we are forgiven according to the riches of grace ; not merely in the exercise of grace, as the very term /orgii>en€«« implies, but in the exercise of the riches of grace ; importing that forgiveness is an act of the most free and abundant grace. Yet he also asserts that this gratuitous for* giveness is in consequence of a redemption by the blood of Christ. But how are these two parts of the proposition consis- tent ? If we be in the literal sense forgiven in consequence of a redemption, we are forgiven on account of the price of redemp- tion previously paid. How then can we be truly said to be/or- given ; a word which implies the exercise of grace 1 and espe- cially how can we be said to be forgiven according to the riches of grace 1 This is at least a seeming inconsistence. If our for- giveness be purchased, and the price of it be already paid, it seems to be a matter of debt, and not of grace. By this difficul-"
grace,pre1950,b0592690ef0d,"Are sinners forgiven through the redemption or atonement of Jesus Christ only ? — What is the reason or ground of this mode of forgiveness ? — Is this mode of forgiveness consistent with grace, or according to the riches of grace 1 Let us consider these in their order."
grace,pre1950,49e819d251fc,"I say redemption ot atonement, hecsLixse, I in my view, they mutually imply each other. That we are forgiven through the atonement of Christ — and can be forgiven in no other way, the scriptures very clearly teach. For evidence as to the first of these particulars, I appeal to the following passages of scripture, which are indeed but a few of the many which exhibit the same truth. First, our text itself: ""In whom we have redemption through his blood, the forgiveness of sins, according to the riches of his grace."" Romans 3 : 24, "" Being justified freely by his grace, through the redemption that is in Jesus Christ."" Acts 20: 28, "" To feed the church of God, which he hath purchased with his own blood."" Hebrews 9: 12, "" By his own blood he en- tered in once into the holy place, having obtained eternal redemp- tion for us."" 1 Peter 1: 18, ""Forasmuch as ye know, that ye were not redeemed with corruptible things, as silver and gold, but with the precious blood of Christ, as of a lamb without blem- ish and without spot."" Ibid. 2: 24, "" Who his ownself bare our sins, in his own body on the tree, that we being dead to sin, should live unto righteousness : by whose stripes ye were heal- ed."" Isa. 53: 4, 5, 6, "" He hath borne our griefs, and carried our sorrows — ^He was wounded for our transgressions, he was bruised for our iniquities, the chastisement of our peace was up^ on him, and with.his stripes we are healed. The Lord hath laid on him the iniquity of us all."" Ibid. v. 10, 11, 12, "" Yet it plea- sed the Lord to bruise him ; he hath put him to grief; — when thou shalt make his soul an offering for sin, he shall see his seed — He shall bear their iniquities. — And he bare the sins of many."""
grace,pre1950,55d68158fff2,"The necessity of the death and atonement of Christ sufllicient- ly appears by the bare event of his death. If his death were not necessary, he died in vain. But we cannot suppose that either he or his father would have consented to his death, had it not been absolutely necessary. Even. a man of common wisdom and good- ness, would not consent either to his own death or that of his son, but in a case of necessity, and in order to some important and val- uable end. Much less can we suppose, that either Christ Jesus the Son would have consented to his own death, or that the infi- nitely wise and good father would have consented to the death of his only begotten and dearly beloved son, in whom his soul was well pleased, and who was full of grace and truth, the bright- ness of his own glory and the express image of his person, the chiefest among ten thousand and altogether lovely, if there had not been the most urgent necessity. Especially as this most ex-"
grace,pre1950,84e9f9764089,"It may be further inquired of those gentlemen mentioned above, whether the pardon of the penitent, be according to the divine loto, or according to the gospel. If it be a constitution of the loto, that every penitent be pardoned, what then is the gospel 1 And wherein does the grace of the latter, exceed that of the former ? Besides, is it not strange, to suppose that bare law knows anything of repentance and of the promise of pardon on repentance ? Surely such a law must be a very gracious law ; and a very gracious law and a very gracious gospel seem to be very nearly one and the same thing. It has been commonly un-* derstood that the divine law is the rule of justice. If so, and it be a provision of the law, that every penitent be acquitted from punishment ; then surely there is no grace at all in Uie acquittal of the penitent, as the gentlemen to whom I now refer pretend, there is none on the supposition of the satisfaction of Christ. Again ; if the law secure impunity to all penitents, then all the terror or punishment which the law threatens, is either repentance itself, or that wise and wholesome discipline which is necessary to lead to repentance ; these are the true and utmost curse of the law. But neither of these is any curse at all ; they are at least among the greatest blessings which can be bestowed on those who need them. But if it be granted that the bare law of God does not secure pardon to the penitent, but admits of his punish- ment, it will follow that the punishment of the penitent would be nothing opposed to justice. Surely God hath not made an un- just law. It also follows, that to punish the penitent would be not at all inconsistent with the divine perfections ; unless God hath made a law, which cannot with respect to the penitent, or a certain part of his subjects, be executed consistently with his own perfections. And if the punishment of the penitent, pro- vided no atonement had been made, would not be inconsistent with justice, or with the perfections of God, who will say, that the pardon of the penitent, on the sole footing of an atonement, is inconsistent with either ?"
grace,pre1950,4c5a23045489,"he will not pardon and save, all who repent ? Are the Socinians themselves certain, that God will not do that which eternal jus- tice, his own law, and his own perfections allow him to do ? The dilemma is this : eternal justice either requires that every penitent be pardoned in consequence of his repentance merely, or it does not. If it do require this,* it follows, that pardon is an act of justice and not of grace; therefore let the Socinians be forever silent on this head. It also follows, that repentance answers, satisfies, fulfils, the divine law, so that, in consequence of it, the law has no further demand on the sinner. It is there- fore either the complete righteousness of the law, or the complete curse of it ; for cursed is every one that continueth not in all things written in the book of the law to do them. It also follows, that sin is no moral evil. Doubtless that which deserves no pun- ishment, or token of the divine displeasure, is no moral evil. But the utmost that justice, on this hypothesis, requires of the sinner, is repentance, which is no token of the divine displeasure, but an inestimable blessing. It also follows, that as eternal jus- tice is no other than the eternal law of God, grace and truths l\fe and immortalily caihe and were brought to light by Moses, since the laiw came by him ; that the law contains exceeding great and precious promises^ which promises, however, exceed-- ing great and precious 9fi they are, are no more than assurances, that we shaU not be injured. It follows in the last place that justice and grace, law and gospd, are perfectly synonymous terms."
grace,pre1950,cd65da99bccd,"Ephzsiahs 1 : 7. — Jn whom toe have redemption through his Hood, tht/orgwe' nets ofsinSy according to the riches of his grace."
grace,pre1950,ce8361479c32,"HI. Are toe, nofwUhstanding the redemption of Christ ^for^ given freely by grace 1"
grace,pre1950,a270642efc4c,"That we should be forgiven wholly through the redemption of Christ, and yet by free grace, hath, as I observed, appeared to many, an inconsistency, or a perplexing difficulty. In discours- ing on this question, I shall, 1. Mention several attempts which have been made to solve this difficulty. 2. I shall suggest some considerations which may possibly lead to the true solution."
grace,pre1950,883f6925e011,(1) Some allow that there is no exercise of grace in the hare pardonX or justification of the sinner ; that all the grace of the gospel consists in the gift of Christ ; in providing an atonement ;
grace,pre1950,b0823a80d943,"X The impropriety of expression. In speaking of pardon without grace, would need an apology, were it not common in treatises on this subject No more is intended, than that the sinner is acquitted or rdeased, without grace*"
grace,pre1950,a08feb954ac4,"in the undertaking of Christ to make atonement, and in the actual making of it. And as the pardon of the sinner is founded on those gracious actions ; so that, in a more lax sense, is also said to be an act of grace. As to this account of the matter, I have to observe, that it is rather yielding to the objection, than answer- ing it. It is allowed, in this state of the matter, that the pardon of the sinner is properly no act of grace. But this seems not to be reconcilable with the plain declarations of scripture ; as in our text ; In whom we have redemption through his blood, the for- giveness of sins, according to the riches of his grace. Being 1'ustified freely by his grace, through the redemption that is in fesus Christ, Rom. 3: 24. ' These and such like passages seem plainly to import, that pardon itself is an act of grace, and not merely that it is founded on other acts, which are acts of grace. Besides the very idea of pardon or forgiveness implies grace. So far only is any crime pardoned, as it is pardoned graciously. To pardon a crime on the footing of justice, in the proper sense of the word justice, is a direct contradiction."
grace,pre1950,79fe4291f7d1,"Again ; it is not proper to say, that the pardon of the sinner is an act of grace, merely because it is founded on the gracious gift of Christy and his gracious act in making atonement. It is not proper to say, that any act is an act of grace, merely because it is founded on another act, which is really an act of grace. As well we may say, that if a creditor, by a third person, furnish his debtor with money sufficient to discharge his debt, when the debtor has in this way, by a third person, paid the full debt, it is an act of grace in the creditor to give up the obligation. Whereas, who does not see that the furnishing of the money, and the giv- ing up of the obligation, are two distinct acts ; and however the former is indeed an act of grace ; yet the latter is no more an act of grace, than if the money had been paid to some other creditor, and he had given up an obligation for the same sum. If it be an act of grace in the creditor, to deliver up an obligation, for which he hath received the full sum, because the money paid was originally furnished by himself, then it would be consistent with justice in the creditor, to retain the obligation, after he has received the full sum for which it was given ; or to reject the money, and cast the creditor into prison, though he tenders pay- ment. But neither of these, I presume, will be pretended to be just."
grace,pre1950,6da696b5d1f1,"(2) Some have attempted to relieve the difficulty now under consideration, in this manner : They say. The pardon of the sin- ner is no act of grace to Christ, because he has paid the debt for the sinner ; but that it is an act of grace to the sinner, because"
grace,pre1950,99522994d9e5,"the debt was paid, not by the sinner himself, but by Christ Nor was Christ so much as dekgated by the sinner to pay his debt. CoQceming this I observe, in the farst pUtcty That if the atone- ment of Christ be considered as the payment of a debt, the release of the sinner seems not to be an act of grace, although the pay- ment be made by Christ, and not by the sinner personally. Sup- pose any one of you, my auditors, owes a certain sum ; and he goes and pays the full sum himself personally. Doubtless all will agree, that the creditor, in this case, when he gives up the obli- gation, performs a mere act of justice, in which there is no grace at alL But in what respect would there have been more grace in giving up the obligation, if the money had been sent by a ser- vant, by a friend, or by any third person ? Here I am sensible an objection will arise to this effect : But we did not send the payment of our debt to God, by the hand of Christ as our friend ; we did not delegate him to make atonement for us ; he was gra- ciously appointed and given by God. To this I answer, That this objection places the whole grace of the gospel in providing the Savior, not in the pardon of sin. Besides, if by deUgaiing Christ, be meant such a sincere consent and earnest desire, that Christ should make atonement for us, as a man may have, that his friend should discharge a debt in his behalf; without doubt every true christian, in tliis sense, delegates Christ to make atone- ment for his sins. Did not Abraham and all the saints who lived before the incarnation of Christ, and who were informed that atonement was to be made for them by Christ, sincerely consent to it, and earnestly desire it ? And though now Christ has actu- ally made atonement, yet every one who walks in the steps of the iaith of Abraham, is the subject of the like sincere consent to the office and work of Christ, and the like earnest desire, that by his atonement, a reconciliation may be effected between God ^nd himself. So that if Christ have, in the proper sense of the words, paid the debt for his people, his people do as truly send him to make this payment, as a man ever sends his friend to make pay- ment to his creditor, provided still, that the friend furnishes the money to be paid."
grace,pre1950,dc85ca04f4be,"But what if the people of Christ did not, in any sense, delegate him to this work ; would this cause the payment of their debt by Christ, to be at all more consistent with free grace in their dis- chai^ ? Suppose a man without any delegation, c(msent, oi*. knowledge of his friend, pays the full demand of his creditor, it is manifest, that the creditor is obliged in justice to dischai^e the debtor, equally as if the agent had acted by delegation from the debtor. Or if we had in every sense delegated and commissioned Christ, still our pardon would be an act of grace, as still we should be treated more favorably than our personal characters deserve."
grace,pre1950,e237301b605f,"Now to apply the whole of this to the subject before us : If Christ have, in the proper sense of the words, paid the debt which we owed to God, whether by a delegation from us or not ; there can be no more grace in our discharge, than if we had paid it our- selves."
grace,pre1950,e6da30828d44,"But the fact is, that Christ has not, in the literal and proper sense, paid the debt for us. It is indeed true, that our deliverance is called a redemption^ which refers to the deliverance of a priso- ner out of captivity, commonly effected by paying a certain sum as the price of his liberty. In the same strain, Christ is said to give himself a ransom for many, and christians are said to be bought with a price, etc. all which scripture expressions bring into view the payment of money, or the discharge of a debt. But it is to be remembered, that these are metaphorical expres- sions, and therefore not literally and exactly true. We had not deprived God of his property ; we had not robbed the treasury of heaven. God was possessed of as much property after the fall as before ; the universe and the fulness thereof still remained his. Therefore when Christ made satisfaction for us, he refunded no property. As none had been taken away, none needed to be re- funded. But we had rebelled against God, we had practically despised his law and authority, and it was necessary, that his au- thority should be supported, and that it should be made to appear^ that sin shall not go without proper tokens of divine displeasure and abhorrence ; that God will maintain his law ; that his author- ity and government shall not be suffered to fall into contempt ; and that God is a friend to virtue and holiness, and an irreconci- lable enemy to transgression, sin and vice. These things were necessary to be made manifest, and the clear manifestation of these things, if we will use the term, was the debt which was due to God. This manifestation was made in the sufferings and death of Christ. But Christ did not, in the literal sense, pay the debt we owed to God ; if he had paid it, all grace would have been excluded from the pardon of the sinner. Therefore,"
grace,post1950,4704f3609d02,"David Scanlon, Margaret Gallego, Grace Zamora Durhn, & Elba I. Reyes"
grace,post1950,c6111ecb2f7f,"David Scanlon, Boston College; Margaret Gallego, San Diego State University; Grace Zamora Durhn, U. S. Department of Education; & Elba I. Reyes, Stanfield, AZ School District."
grace,post1950,aef7b615574c,"Janette K. Klingner, University of Colorado at Boulder Alfredo J. Artiles, Arizona State University Elizabeth Kozleski, University of Colorado at Denver Beth Harry, University of Miami Shelley Zion, University of Colorado at Denver William Tate, Washington University Grace Zamora Duran, U.S. Department of Education David Riley, Education Development Center"
grace,post1950,13863d671ae7,"Grace Zamora Duran, U.S. Department of Education"
grace,post1950,ff26f5e5759d,"Grace Zamora Duran, Ph.D., is a Research Analyst with the Research-to-Practice Division in the Office of Special Education Programs at the U.S. Department of Education. She received her doctorate from The University of Arizona in Tucson in special education with a minor in bilingual education. She works with projects pertaining to disproportionate"
grace,post1950,f28d1ed9db2d,"Karla M. Mattson, Andrew Hucks, Randolph C. Grace, and Anthony P. McLean"
grace,post1950,2eddfedb108a,"Address correspondence and reprint requests to Randolph C. Grace or Anthony P. McLean, Department of Psychology, University of Canterbury, Private Bag 4800, Christchurch, New Zealand (e-mail: randolph.grace® canterbury.ac.nz) (e-mail: anthony.mclean@canterbury. ac.nz)."
grace,post1950,322cdd00469c,"Although Herrnstein’s initial application of the matching law to concurrent chains was encouraging, it was discovered that relative response rate deviated from relative delay of reinforcement when the overall durations of either the terminal links or the initial links were varied (Davison 1983; Fantino, 1969). This result violates the assumption, implicit in Equation 1, that preference depends on relative, not absolute, values of reinforcement variables. Subsequently, Grace (1994) proposed an alternative model, still based on the matching law, which attempted to resolve this failure of the “relativity” assumption. The novel feature of Grace’s model is that variables relating to the conditions in the terminal link (reinforcer immediacy and magnitude ratios in Equation 1) are raised to the power Tt / T^, which is the ratio of the average terminal- and initial-link durations. This exponent captures the dependence of sensitivity to immediacy and magnitude {ud and «m) on temporal context (i.e., the durations of initial and terminal links). In conditions where T^ = T^, as in the experiments described below, Grace’s model and Equation 1 are equivalent."
grace,post1950,fe1731172f0a,"One of the most important assumptions of Equation 1 is that the effects on preference of different variables such as reinforcer rate, immediacy and magnitude, are independent and combine multiplicatively (additively in logarithmic form). This assumption has been tested in a variety of studies that have manipulated various combinations of these variables parametrically (e.g., Grace, 1995; Grace, Bedell, & Nevin, 2002; McLean & Blampied, 2001), and the general conclusion is that independence has been supported when relative, but not absolute, levels of reinforcer variables have been manipulated (Berg & Grace, 2004; but cf. Elliffe, Davison, & Landon, 2008). However, one variable that has not received much attention in these parametric studies is reinforcer probability. Although it is well established that pigeons’ choice in concurrent chains favors the alternative that delivers food with higher probability (e.g., Spetch & Dunn, 1987), research has not yet varied reinforcer probability parametrically in combination with other reinforcer variables. Such a study would provide a test of whether the effects of reinforcer probability are independent of, and combine additively with, other reinforcer variables."
grace,post1950,15f3c9e3fd00,"The aim of the present research was to investigate whether effects of reinforcer probability and immediacy on choice are additive and independent, for both signaled and unsignaled probabilistic reinforcement procedures. By varying immediacy and probability across series of signaled and unsignaled conditions, we planned to test whether signaling terminal-link reinforcer outcomes affected sensitivity to immediacy as well as probability. We used a multiple concurrent-chains procedure similar to that employed by Grace (1995) and Grace et al. (2002). Three different concurrent-chains schedules were presented, in separate components, during each session. Components were distinguished by the color (red, white or green) of both response keys during the initial links and of the operative key in the terminal link. Relative immediacy of reinforcement was varied across components; 1:2 in the red component, 1:1 in the white component and 2:1 in the green component. Relative reinforcer probability in the terminal links was constant across components, and was varied across conditions (5:1, 1:5, 2:1, and 1:2). The VI schedules used in the initial links were constant across components and conditions. These conditions were conducted twice; once with the terminal-link outcomes (i.e., reinforcement or nonreinforcement) signaled, and once with them unsignaled. Thus, the experimental design allowed us to examine the effects of parametric variation in relative reinforcer probability at different levels of relative immediacy, for both signaled and unsignaled terminal links. Our primary goals were to characterize the effects of reinforcer probability and immediacy on choice and to test if they were additive and independent, as required by the matching law, and whether signaling terminal-link outcomes would reduce sensitivity to probability."
grace,post1950,c539b38168d5,"that sensitivity to immediacy was greater at moderate rather than extreme probability ratios for the dependent-schedules group. This observation was supported by an analysis of simple effects which showed that the probability X immediacy interaction was significant for the dependent-schedules group but not the independent-schedules group. Scatterplots of predictions of the generalized- matching model versus obtained data (Figure 7) showed evidence of a possible ceiling effect in response allocation for the dependent-scheduling group in the unsignaled condition at approximately 2 log units. This effect would be expected to have a greater impact at extreme rather than moderate probability ratios, and thus could have produced the interaction for the dependent- schedules group. In that case, the interaction might not represent failure of a key matching-law assumption, but be attributed to a procedural artefact. Sigmoidal relationships between log response and log reinforcer ratios that might be attributed to ceiling effects produced by dependent scheduling have been reported before (e.g., Davison & Jones, 1995; but cf. Baum, Schwendiman & Bell, 1999), particularly in situations where several values of a given reinforcer dimension are presented within sessions (as in the present experiment) or when conditions are in effect for only one or two sessions at a time (Grace, Bragason & McLean, 2003; Grace & McLean, 2006). However, it must be acknowledged that our results were ambiguous in that the three-way interaction (probability X immediacy X signalling), which would have allowed us to conclude that the probability X immediacy interaction was limited to the unsignaled condition for the dependent- schedules group, was not significant."
grace,post1950,7f7cb467ac93,"Berg, M. E., & Grace, R. C. (2004). Independence of terminal-link entry rate and immediacy in concurrent chains. Journal of the Experimental Analysis of Behavior, 82, 235-251."
grace,post1950,0def13e42f61,"Grace, R. C. (1994). A contextual model of concurrent- chains choice. Journal of the Experimental Analysis of Behavior, 61, 113-129."
grace,post1950,2a5542fe6dcd,"Grace, R. C. (1995). Independence of delay and magnitude of reinforcement in concurrent chains. Journal of the Experimental Analysis of Behavior, 63, 255-276."
grace,post1950,c7c4a954832e,"Grace, R. C., Bedell, M. A., & Nevin, J. A. (2002). Preference and resistance to change with constantand variable-duration terminal links: Effects of reinforcement rates and magnitude. Journal of the Experimental Analysis of Behavior, 77, 233—255."
grace,post1950,bb7a60d39b6a,"Grace, R. C., Bragason, O., Sc McLean, A. P. (2003). Rapid acquisition of preference in concurrent chains. Jouirial of the Experimental Analysis of Behavior, 80, 235-252."
grace,post1950,3ed252c19d22,"Grace, R. C., & McLean, A. P. (2006). Rapid acquisition in concurrent chains: Evidence for a decision model. Jouirial of the Experimental Analysis of Behavior, 85, 181-202."
grace,post1950,cfe461aa29a9,12 Grace Schools Why Not You?
grace,post1950,50e201ca4c82,1. It is the purpose of the BMH magazine to communicate to the members of the Fellowship of Grace Brethren Churches the news of its ministries and the current state of the church.
grace,post1950,21cdab34cdf9,Greg Weimer Grace Schools
grace,post1950,47c4df81b8e7,"The Brethren Missionary Herald Is a publication of the Fellowship of Grace Brethren Churches, published monthly by the Brethren Missionary Herald Co., P.O. Box 544, 1104 Kings Highway, Winona Lake, IN 46590. Telephone (219) 267-7158."
grace,post1950,1a97cb444bdb,"With your cooperation we would like to add a new monthly feature in the Herald magazine called Children's Ministries. Our Grace Brethren churches are coming up with innovative, exciting ideas for teaching missions to young children. Because so many children accept Jesus as their Savior at a young age. Children's Church can play a vital role in helping them to grow in their love for God and others. Sunday school becomes a place where not only Bible stories are told, but biblical principles are taught in practical ways too."
grace,post1950,83937a685349,"The JAMMERS (Jesus and Me'ers) of the Grace Brethren Church of Norton, Ohio, recently got moving about missions in Japan. They studied about Japan's desperate need to know the one true God rather than the many idols presently worshiped. Afterwards JAMMERS ""Jumped for Japan."" They had to answer a review question correctly which made them eligible for ten jumps on the trampoline. Another fun event was a relay race in which they had to pick up Teddy Grahams with chopsticks. This was to remind them of two of our own missionaries — Teddy Kimbauer and the Grahams. They also sang 'The Odells Live in Japan"" to the tune of 'The Farmer in the Dell."" The JAMMERS are definitely excited about missions!"
grace,post1950,072f19948d60,"Yuki Murakami was only 17 when we met her. She was a typical Japanese high school student — quiet, subdued, polite. We had no idea of her inward struggles or of the heart- ache she would bring to her family and us. We were also unprepared for the Incredible work of grace God would perform in her and the encouragement it would provide."
grace,post1950,beac6aa35ce1,"We first met Yuki one summer when she came to visit her aunt, Kayoko Hirata, a faith- ful member of the Grace Bible Church in Itami, Japan. On Sundays she came to wor- ship services with the Hiratas and soon joined in other meetings and Bible studies with her cousin, Junko. During those days she heard the gospel repeatedly at church and at the Hiratas. The Holy Spirit began to open her heart to receive the message of the glorious gospel. One day I asked her if she understood that she was a sinner separated from God. She nodded. After explaining to her again the sig- nificance of Christ's death, I asked her if she believed in Jesus. She said that she did. We all rejoiced at the marvelous grace of God which opens hearts here in this spiritually dark land. When Yuki returned home to Nagoya, she and her mother, Mrs. Murakami, began attending a church which I had recommended"
faith,pre1950,088834938983,"Consequences of the above principles : miracles must be judged, not merely from physical, but also from moral and religious grounds, and their prob- ability estimated by that of a revela- tion being given at all. The possibility of miracles follows from the beUef in a personal God. Evidential value of miracles. — Erro- neous views on this point— Miracles how far objects, how far evidences of faith."
faith,pre1950,a66774fbfa83,"The question, however, assumes a very different character when it relates, not to the comparative im- portance of miracles as evidences, but to their reality as facts, and as facts of a supernatural kind. For if this is denied, the denial does not merely remove one of the supports of a faith which may yet rest securely on other grounds. On the contrary, the whole system of Christian belief with its evidences, the moral no less than the intellectual influences, the precept and exam- ple for the future no less than the history of the past — all Christianity, in short, so far as it has any title to that name, so far as it has any special relation to the person or the teaching of Christ, is overthrown at the same time."
faith,pre1950,1f5bfac653d9,20 AIDS TO FAITH. [Essay I.
faith,pre1950,ff6d2d58a264,"But there is a yet higher witness to this intimate association of the Christian Evidences one w^ith another, in that great fact which forms at once the central point of apostolical preaching and the earnest of the future hope of all Christian men. If there is one fact recorded in Scripture which is entitled, in the fullest sense of tlie word, to the name of a Miracle, the Eesueeection of Christ is that fact. Here, at least, is an instance in which the entire Christian faith must stand or fall with our belief in the supernatural. "" If Christ be not risen, then is our preaching vain, and your faith is also vain."" Here, at least, is a test by which all the evidences of Christianity alike, internal as well as ex- ternal, moral as well as intellectual, may be tried. If Christ did not truly die and truly rise from the dead, preaching is vain and faith is vain ; the Apostles are false witnesses of God ; nay, Christ Himself, if we may dare to say so, has witnessed falsely of Himself."
faith,pre1950,1c86e82acd50,12 -^II^S TO FAITH. [Essay I.
faith,pre1950,c46798c4f8f7,"of modern science. If the possibility of miracles be granted, the question, whether any particular miracle did or did not take place, is a question not of science, but of testimony. The scientific question relates to the possibility of supernatural occurrences at all / and if this be once decided in the negative, Christianity as a religion must necessarily be denied along with it. Some moral precepts may indeed remain, which may or may not have been first enunciated by Christ, but which in themselves have no essential connection with one person more than with another ; but all belief in Christ as the great Example, as the Teacher sent from God, as the crucified and risen Saviour, is gone, never to re- turn. The perfect sinlessness of His life and conduct can no longer be held before us as our type and pat- tern, if the works which He professed to perform by Divine power were either not performed at all or were performed by human science and skill. ISTo mystery impenetrable by human reason, no doctrine incapable of natural proof, can be believed on His authority ; for if He professed to work miracles, and wrought them not, what warrant have we for the trustworthiness of other parts of His teaching ? The benefits obtained by His Cross and Passion, the promises conveyed by His Resurrection, are no longer the objects of Christian faith and hope ; for if miracles are impossible. He died as other men die, and was laid unto His fathers, and saw corruption. The prayers whch we ©O'er to Him who ascended into Heaven, and there liveth to make intercession for us, are a delusion and a mockery, if miracles are impossible ; for then is Christ not ascended into Heaven."
faith,pre1950,4de795f40abe,14 AIDS TO FAITH. [Essay I.
faith,pre1950,efe74617cae6,IQ AIDS TO FAITH. [Essay I.
faith,pre1950,d43ad99643c8,"7. It is scarcely necessary to state how much this argument is strengthened when it is addressed to one who believes, no matter on wdiat grounds, in any of the fundamental articles of the Christian Faith. 1 do not speak of one who believes in the narrative of the Gos- pels ; for to such an one the miracles are not matters of question ; but of one who in any sense believes in Christ as the Redeemer of mankind, though doubting some of the records of His earthly life. If God has"
faith,pre1950,0f0749dff2e7,18 ^II^S TO FAITH. [Essay I.
faith,pre1950,742d4a3e86b2,20 ^II^S TO FAITH. [Es8atI.
faith,pre1950,cbf887ef7855,22 AIDS TO FAITH. [Essay I.
faith,pre1950,d73cded4fa08,"The two classes of phenomena rest in fact on exactly . opposite foundations. In order that natural occurrences, taking place without human agency, may wear the appearance of prodigies, it is necessary that the cause and manner of their production should be unknown / and every advance of science from the unknown to the known tends to lessen the number of such prodigies by referring them to natural causes, and increases the probability of a similar explanation of the remainder. But on the other hand, in order that a man may j^er- form marvellous acts by natural means, it is necessary that the cause and manner of their production should be known by the performer; and in this case every fresh advance of science from the unknown to the known diminishes the probability that what is un- known now could have been known in a former age. 13. The effect therefore of scientific progress, as regards the Scriptural miracles, is gradually to elimin- ate the hypothesis which refers them to unknown natural causes, and to reduce the question to the follow- ing' alternative: Either the recorded acts were not performed at all (in which case it is idle to talk of the probable ""honesty or veracity"" of the witnesses'"") or they were performed, as their authors themselves de- clare, by virtue of a supernatural power, consciously exercised for that very purj^ose. The intermediate theory, which attempts to explain them as distorted statements of events reducible to known natural causes, has been tried already, in the scheme of Paulus, and has failed so utterly as to preclude all expectation of its revival, even in the land of its birth. There re- mains only the choice between a deeper faith and a bolder unbelief; between accepting the sacred narra- tive as a true account of miracles actually performed, and rejecting it as wholly fictitious and incredible; whether the fiction be attributed to the gradual accre- tion of mythical elements, or (for a later criticism has come back again to the older and more intelligible"
faith,pre1950,dec61b8ed09f,24 ^I^S TO FAITH. [Essay I.
faith,pre1950,4090380e1bef,26 AIDS TO FAITH. [Essay I.
faith,pre1950,7fbd3366f3bf,28 ^IDS TO FAITH. [Essay I.
faith,pre1950,5a6d8f149bc0,30 ^I^S TO FAITH. [EssATl.
faith,pre1950,a3db83c2a6e4,32 AIDS TO FAITH. [Essay I
faith,pre1950,28d2f0133a86,34 ^II^S TO FAITH. [Essay I.
faith,pre1950,45236c49e581,35 AIDS TO FAITH. [Essay I.
faith,pre1950,0dea177a5d5b,"38 AIDS TO FAITH, [EssatL"
faith,pre1950,719b2a2e3629,"'^ Man reveals God ; for Man, by his intelligence, rises above JSTature, and, in virtue of this intelligence, is conscious of himself as a power not only independent of, but opposed to, jSTature, and capable of resisting, conquering^ and controlling her. As man has a living faith in this power, superior to nature, which dwells in him, so has he a belief in God, a feeling, an ex|3erience of His existence. As he does not believe in this power, so does he not believe in God ; he sees, he exj^eriences nought in existence but nature — necessity — fate.""f"
faith,pre1950,413d12649520,40 ^II^S TO FAITH. [Essay I.
faith,pre1950,58903e8c702f,"25. With the question of the ^possibility of miracles is intimately connected that of their value as evidences. Both questions, indeed, must ultimately be decided on the same principle ; and the influence of that principle is probably at work, though unconsciously, in the minds of some who endeavour to regard the two inquiries as wholly distinct. Sometimes, indeed, we find both united, and apparently treated as parts of the same argument on the side of denial ; though it is ob- vious that, if the impossibility of miracles can once be shown, there is no need of any inquiry into their com- parative value. ISTevertheless, as if the conclusiveness of the former argument were, after all, somewhat doubtful in the eyes of its advocates, we find it coupled with an attempt to disparage the value of the miracles as evidences, even supposing their reality. It is intimated that they are not so much evidences as objects of faith, invested with sanctity and exempted from criticism by virtue of the religious mysteries with which they are connected : '^ and approved divines are referred to as practically making the doctrine the real test of the admissibility of the miracles, and as ac-"
faith,pre1950,bf21af7a5551,"Some of the questions introduced in this connection properly belong to an earlier stage of our argument ; for though they have been treated by some writers as bearing on the evidential value of miracles, supposing their reality to be admitted, they more strictly relate to the previous inquiry concerning the grounds on which we believe miracles to have been wrought at all. Thus the assertion that the Gospel miracles are objects of faith is undoubtedly true ; but it is true in a sense which is by no means incompatible with their being also evidences.\ To us, in these latter days, as regards the grounds on which we believe the miracles to have taken place at all, they are ""objects of faith"" in that proper sense of the term fcdth in which it is opposed, not to reason^ but to sight.X We were not eye-witnesses of the miracles : we know all that we know about them from the testimony of others ; and testimony of all kinds is an appeal to faith, as dis- tinguished from sight, — -^rcesentia mdentur^ creduntur absentia.% But to say that miracles are in this sense objects of faith, is a very different thing from making them exempt from criticism by virtue of the religious mysteries with which they are connected. The faith which is called into exercise is only that which is re-"
faith,post1950,4401c16bd359,"By focusing on the relationship of faith, reason and science we can correct"
faith,post1950,c51abc152d0a,"Faith, Reason and Science"
faith,post1950,5ea8661dada0,"We will begin with a brief review of Pope John Paul II's salient conclusions in ""Faith and Reason."" A failure to incorporate faith and reason in evaluating which truths science can validly attain or cannot attain deteriorates into scientism and ultimately into skepticism, nihilism and despair. Scientism is best defined as the thesis that the methods of natural science should be used in all areas of investigation including philosophy, the humanities and the social sciences. It is the belief that only such methods can be fruitfully applied in the pursuit of knowledge. Scientism essentially began during the Enlightenment and today is best described as reductive materialism employing a rigid methodological naturalism. As such it is a false metaphysics leading to moral relativism, political correctness and destructive class envy masked as multiculturalism."
faith,post1950,b454edae3071,"John Paul repeatedly noted that ""faith and reason are like two wings on which the human spirit rises to the contemplation of truth; and God has placed in the human heart a desire to know the truth - in a word to know himself- so that by knowing and loving God, men and women may also come to know the fullness of truth about themselves."" He noted that human reason, reduced in modern times to empirical rationality, has forgotten what it means to be human with tragic consequences. With the loss of the standards of order, goodness and intelligibility, our culture has reduced morality to relativism a utilitarian calculus devoid of true reason. How many times have we heard: ""that may be true or right for you but it is not necessarily true or right for me."""
faith,post1950,da6064bad121,"In returning to the work of Saint Thomas, the exemplar of natural philosophy, it is possible to rediscover science proper and to find thereby a means of returning the world to an integrated view of faith and reason. The late Father Stanley Jaki in his sentinel work ""The Relevance of Physics"" discusses in depth the fate of physics as a result of scientism. We will return to this topic again."
faith,post1950,454372722ba1,"Hie official Catholic position on faith and reason was most authoritatively summarized by the first Vatican Council in its ""Dogmatic Constitution on Catholic Faith"" which contained a chapter dedicated to the theme of faith and reason. Vatican I endorsed the works of Saint Thomas and a decade later, in 1879, Pope Leo XIII published his encyclical ""Aeterni Patris"" proposing Saint Thomas as the thinker whose synthesis of faith and reason should be accepted as a solid foundation from which to grapple with more recent questions in philosophy and science. Pope John Paul does not, of course, contradict Vatican I. He takes over from Vatican I the familiar ideas that reason has the power to establish the existence of God and the preambles of faith and that that faith confirms truths that reason cannot grasp except with great difficulty. That faith also embraces mysteries that lie entirely beyond the range of reason and that reason can render even these revealed mysteries to some degree intelligible."
faith,post1950,e3418751b59e,"Also agreeing with Vatican I, Pope John Paul opposes both a rationalism that dismisses the input of faith and a fideism that distrusts the guidance of reason. By the end of the twentieth century, the proud boosters of autonomous reason, setting themselves up against the claims of faith, had been severely muted. The prevailing mood was one of metaphysical agnosticism. Some intellectuals clinging to a remnant of rationalism professed a scientism that restricted genuine knowledge to the sphere of measurable physical realities. Logical positivists dismissed all statements not verifiable by experience as ""non-cognitive"" deliverances of emotion, convention or simple caprice. Philosophy for its part has practically abandoned the pursuit of the transcendent or metaphysical truth. It has narrowed its horizons to naturalistic phenomenology, linguistic study, the ^ .-"
faith,post1950,f48e82784a1c,"between faith and reason, opens with a discussion of Paul and the Acts of"
faith,post1950,368ddbe744df,"Interestingly Pope Benedict has a two volume publication on the ""Church Fathers and Teachers"" (2008 and 2010). The Fathers, he concludes, were highly original in welcoming the unlimited dynamism of reason and infusing it with human dignity. But the doctrine of faith was a divine trust that God had committed to the church to be faithfully preserved and expounded. John Paul II softens this dualism between reason and faith. In the Wisdom Literature of the Old Testament, he tells us that we find a harmonious fusion of philosophy and theology. In the biblical Wisdom Literature and in the Greek and Latin Fathers, he shows no sharp distinction was made. The profound unity between the two disciplines preserved until after the time of Saint Thomas has regrettably been eroded in recent centuries."
faith,post1950,bf98a9ee45b2,"""The relationship between theology and philosophy"", he writes, ""is best construed as a circle."" God's word came to meet the human quest for truth and is best understood with the help of philosophy. The revealed word keeps philosophy from going astray and at the same time stirs philosophy to explore new paths that it would not have discovered without revelation. Reason and faith are therefore not competitors. Each contains the other. The simultaneity of faith and reason, in the pope's thinking, makes him reluctant to speak of either in isolation. Revelation and reason are two different paths neither sufficient unto itself. Revelation perfects the work of reason in its quest for ultimate truth. Faith and reason converge as they turn toward Jesus Christ, the eternal word of God, who is both Creator and Redeemer. Philosophical wisdom and theological wisdom have a deep affinity because both of them aim to explore reality in terms of its ultimate principles."
faith,post1950,31f1cc8c712a,"There are two forms of acquired wisdom. The Pope takes a step beyond Vatican I by referring to a higher synthesis of both disciplines through the gifts of the Holy Spirit. Vatican I made no reference to this higher synthesis. John Paul n in ""Faith and Reason"" shows great esteem for Saint Thomas. ""The Church has been justified in consistently proposing Saint Thomas as a model of thought, and a model of the right way to do theology."" He praises Leo XIII for having insisted on the incomparable value of the philosophy of Saint Thomas."
faith,post1950,d2ddf9c3252c,"Like Vatican I and the Popes of the last century, John Paul II enumerates a variety of philosophical systems that he sees as injurious to faith and to authentic wisdom. Unlike Vatican I which cites fideism and idealistic rationalism as potentially injurious to our faith, he targets eclecticism, historicism, scientism, pragmatism, and nihilism. All of these tendencies call into question the capacity of the human mind to transcend the factual and the empirical. They implicitly deny the possibility of metaphysics which paradoxically is a metaphysical statement in itself. Some forms of postmodernism, he adds, allege that ""the time of certainties is irrevocably past"" and contends that we must ""learn to live in a horizon of total absence of meaning where everything is provisional and ephemeral."" In settling for such an absence of meaning, says the Pope, philosophy subverts its own project."
faith,post1950,5c985c8ee40b,"So great is John Paul's confidence in reason that he is willing to use it critically in the field of theology. Without this rational component, he declares, faith could easily deteriorate into myth and superstition. He opposes biblical positivism, merely narrative styles, and hermeneutical theology that seriously studies the meaning of ancient texts but tends to dodge the hard questions of truth and falsehood. John Paul II contends that faith can stir reason to overcome any false modesty and to run risks with the goal of obtaining whatever is beautiful, good and true, arduous though this may be. In his concluding exhortation to philosophers he asks them ""to have the courage to recover in the flow of an enduring valid philosophical tradition the range of authentic wisdom and truth - metaphysical included - which is proper to philosophical inquiry."""
faith,post1950,6a1eaf1fbb08,"8 Scientism causes an extreme dualism, where the life of faith and the life of reason exist simultaneously but separately. It is not unusual that Catholic scientists themselves consider compartmentalization as the arrangement most appropriate to both faith and reason, as though combining them would despoil both, (e.g., Kenneth Miller at Brown and Francis Collins, former head of the Genome Project) Many who hold this view take it as a given that there should be a barrier or wall between the two, a sort of separation of church and science. For such a scientist, faith acts at best as a moral compass or guide, but the direction it provides does not breech the wall of separation and it is neither aided by nor aids reason."
faith,post1950,925d13554294,"As John Paul II and Father Stanly Jaki have noted: ""Simple neutrality is no longer acceptable."" We cannot continue to live in separate compartments pursuing totally divergent interests from which we evaluate and judge the world. Scientism thus divides us by harboring a fragmented vision of the world. Science without faith is subject to idolatry and false absolutes. Religion without science is subject to error and superstition. Working together each can draw the other into a wider world, a world in which both can flourish."
faith,post1950,21ca251a37a1,"People have accused Catholics of resorting to the ""God of the Gaps"" argument ""to retain their relation to faith and reason in the light of a reductive materialistic science which acknowledges only methodological naturalism as the preferred mode of investigation."" This would eliminate any consideration of other non-reductive modes even though reductionism is for all practical putposes superannuated and ignores many questions many because of its incompleteness and inability to recognize the metaphysical nature and necessity of the answers which it proposes. Thus it appears that we have thrown the baby out with the bath water."
faith,post1950,5b32d20a8fc0,"Is Thomas really relevant to modern science? Our answer is an unequivocal and emphatic yes. Jacques Maritain, Father Stanley Jaki, Pierre Duhem, and more recently, the brilliant Catholic physicist, Anthony Rizzi, in his 'The Science Before Science ""demonstrate in a most convincing and forceful manner that the principles of nature, of existence and of knowledge are firmly established in the work of Saint Thomas in ways that are fully consonant with faith."
faith,post1950,5922e518e7c4,"Numerous popes over the past seven hundred years have pointed to Thomas as the model of reason. Could the insights of an earlier age seriously contribute to our current enlightenment? Scientism creates a false view of science and nature and it misleads as to what the purpose of science is and how science should be researched. We are no longer surprised with the difficulties different diciplines have in communicating with one another, but even within disciplines, hyper-specialization has taken its toll. In academia this is expressed in terms of sub-sub fields of particular knowledge, each with its own principles that have no meaning outside the narrow limits of a small community. In school textbooks, this is expressed in the way subjects are taught, more often as serial presentation of a panoply of topics than as a cohesive and ordered body of knowledge* How can we recover the proper view of science? To do this we must first acquire a historical view to see how instrumental the Church has always been in effecting a creative synthesis of faith, reason and science."
faith,post1950,2a3ad9fd2471,"For Jaki, the all important implication is that scientific cosmology can never be a threat to the fundamental contingency of the universe because it can never offer a complete methodological explanation of all of existence. Put another way, physics can measure, quantify, count, and calculate but it cannot address the ultimate and/or theological questions because its formal object is not the study of Being as Being which is the proper formal object of metaphysics. Father Jaki tells us that the lack of a robust response to Godel's theorem stems from the feet that the climate of thought in our times is not at all favorable for a recognition of reason's ability to bring within sight the contingency of the universe and its raison d'etre, its having been created by a Being truly necessary. Jaki further develops his cosmological extension of Godel's theorem in subsequent publications especially in his Gifford Lectures in 1974-1976 published as a book in 1978 titled ""The Road Of Science And The Ways To God."" Science as Jaki demonstrates unequivocally is incomplete in articulating the world view which it presupposes as well as in its theoretical and experimental progress. He further argues that science is also limited as a discipline because it needs to be completed by other fields of study (Theology and Philosophy); hence the need for faith and reason in addition to science as articulated and developed by revelation, metaphysics, epistemology and ethics. This has been possible only in the West as only the West has consistently seen the world as created by God ex nihilo with the world subsequently governed by intelligible laws which can be understood by reason because the intellect and the will of man have been created analogically in the image and likeness of God. As Jaki noted, all other civilizationsn and cultures, including the Greeks, did not reach this level of understanding because their attempts to develop a complete experimental and predictive science failed and resulted in stillbirths because of their false metaphysical views of the world as an organism with repetitive cycles, as a materialistic machine with total determinism, as an idealistic mathematical construction, or as the product of some immanent process existing since eternity. There is good reason for the lengthy treatment Duhem, Jaki and Razzi give to the basic priciples of unity, order and intelligibility. Before summarizing our journey, we will look at the implication of their work and the necessity of metaphysics as a principle of order in a university curriculum. The neglected development of natural philosophy over the past few centuries had resulted in destructive trends like relativism, scientism and positivism."
faith,post1950,7d0fa2d5ab54,"Finally, we can summarize where we have been and what we have reviewed A historical overview of faith, reason and science reveals clearly that science and scholarship are never carried out in a vacuum. The Christian religion, hand in hand with various philosophical outlooks, has motivated, sanctioned and shaped large portions of the Western scientific heritage. Modem Christians ought to drink deeply at the well of historical precedent If we do, we will never feel intimidated by positivists and others who deny that religion has any role in genuine scholarship."
faith,post1950,1b35c550491b,"However experience gives us a wealth of examples created by intelligent agents. Hence the principle of uniformity suggests that there is something rather than nothing because of an ultimate intelligent agent. To arrive at such knowledge there must be a rapprochement of Faith, Reason and Science. Rejecting this conclusion as beyond the bounds of science, aided by faith and reason, gives rise to the suspicion that the only alternative is methodological naturalism. That is too narrow and limited a metaphysical view and in the grand scope of history that claim is itself a temporary 17 aberration already beginning to fade. We must again learn to understand that the great theological, metaphysical, epistemological, and ethical insights are just as rational and just as true as experimental knowledge of the realm of natural sciences and technology."
faith,post1950,41ce1dbfb531,"They are perhaps even truer because they have a more decisive significance for the humanity of man. Once more drawing on the work of the recently deceased great historian and philosopher of science, we can cull the following truths apropos the relation of faith, reason and science from his many, many books and presentations as well as from his only biographer Paul Hafher:"
faith,post1950,03795f538415,1 .There is no intrinsic contradiction between Christian faith and natural science.
faith,post1950,4d564522ffd9,"4. Just as grace perfects nature in a dynamic partnership, so also is Christian faith like a guiding star which leads science to a deeper and more perfect understanding of its role within human experience."
faith,post1950,495eebbf676a,"5. Science cannot be regarded as having so much autonomy that its applications and philosophy may be followed even if they contradict faith, morals and the dignity of the human person."
worship,pre1950,c2b1429e6587,Instrumental Music in Christian Worship
worship,pre1950,4c57b89d46bc,"in the Worship"""
worship,pre1950,febdc6f60766,"The author believes that this book ought to take the question discussed out of the realm of controversy, and put it among things definitely set- tled among candid thinkers. If this be not the case, then it is diffioult, if not impossible, to see how such a question could be settled. Scholarship, facts and circumstances have been so combined as to leave no room for candid and unprejudiced doubt on the subject, and whatever may have been the case heretofore, it is believed any further disturb- ance over the matter of using- an instrument in singing the songs of Zion, will be without excuse. The book reviewed contains the most elaborate and plausible argument, so far as the reviewer knows, that has ever been published in opposition to instrumental music in worship, and it may be re- garded as the final word on that side of the question. The author of this review believes that he has fairly, fully and successfully met and re- futed Bro. Kurfees* whole contention, and his reply"
worship,pre1950,f336778aa132,"""Scope of the Divine Command Authorizing Music IN the Worship of God"" 67"
worship,pre1950,2e2709451e7f,"1. There is Not a Solitary Mention of Instrumental Music in the Worship of Any New^ Testament Church, Nor in Any Instance OF Christian Worship Throughout the Apos- tolic Age."
worship,pre1950,f9e7b03bf967,"Argiimentum ad hominem reply: There is not a solitary mention of the use of a musical note-book in the worship of any New Testament church, nor in any instance of Christian worship throughout the apostolic age. Nor is there a solitary mention of the use of a weekly paper, issued to subscribers at so much cash per year, to promote the gospel."
worship,pre1950,bd29a5a62dd7,"itself, so far as the wish to occupy infalHbly safe ground is concerned, would be entirely sufficient for all thoughtful and unbiased minds."" The logic of his own argument puts upon Bro. Kurfees the obligation to banish from the worship of his church musical note-books, and resign as editor of the Gospel Advocate and give his influence to the destruction of that paper! Moral: Be careful in the use of two-edged tools!"
worship,pre1950,084ce2ff7457,"II. Its First Appearance in History in Christian Worship Was About the Sixth Cen- tury, A. D., THE Exact Date of Its Intro- duction Varying in Different Localities and According to Different Authorities. But There Was No General Attempt to Introduce It Till After the Eighth Century."
worship,pre1950,b938ba0a8e34,"I propose to show in the course of this review that the first part of this statement is historically incorrect, and that instruments of music were used by Christians in their worship many years before the sixth century. I will show that an organ was used in the church at Milan in the fourth century, and at other places before that."
worship,pre1950,0109e0d1166b,V. The New Testament Terms Which De- scribe and Enjoin the Element of Music in Christian Worship.
worship,pre1950,b41f254cc2ab,"A careful survey of the field of evidence fur- nished by lexicographers of every grade has led the author to the decided conviction that there is not a solitary fact in all history touching the meaning of psallo which, considered in the light of its proper connection and bearing, can be legitimately used to sustain the practice of instrumental music in the worship of God under Christ."
worship,pre1950,b59618f2abf9,INSTRUMENTAL MUSIC IX CHRISTIAN WORSHIP
worship,pre1950,9c5f0776f172,"Dear Sir — Please excuse me for intruding upon the attention of a very busy man with a matter in which you probably feel but little interest. My apology is a desire to get at the exact truth in reference to the matter referred to. Out here in the West there are religious teachers who attach great importance to the question of instrumental music in Christian worship, and one of these teach- ers has recently published a somewhat elaborate book on the subject, taking the position that such use of such music is exceedingly wicked. It is the use he makes of the lexicons of Professor Sophocles and Professor Thayer, thnt I wish to inquire about. He claims that the definitions that these lexicons give of psallo sustain his contention that this verb, in New Testament times, expressed the idea of singing to the exclusion of instrumental accompani- ment. After givinsf the s:eneral meanings of the word as found in Greek literature, Thayer's lexicon says, ""In the New Testament to sing a hymn, to celebrate the praises of God in song."" The author"
worship,pre1950,206eb0b8647a,"Those who say that psallo in the apostolic epis- tles means singing with the harp, and thus sanctions the use of other instruments in worship, take upon themselves the burden of proving that the primitive disciples universally, deliberately and persistently disobeyed a plain commandment of the Lord — that Paul told these disciples to play on the harp and they never did so in their assemblies (pp. 56, 57)."
worship,pre1950,7b46258d76d2,INSTRUMENTAL xMUSIC IN CHRISTIAN WORSHIP
worship,pre1950,f86913aeecce,"Thus, the context of the word, or the time when, and sometimes the place where, it was used, is often the only means of determining its import; and, touching the New Testament usage and meaning of psallo in particular, it specifically says that Christians are to ""psallo with the heart"" {psallontes tee kardia hiimoon, making melody with your heart, Eph. 5:19). This is the only psalloing mentioned in its inspired pages, and therein incorporated as a part of Christian worship."
worship,pre1950,b75c9edf84a5,"""Scope of the Divine Command Authorizing Music in the Worship of God"""
worship,pre1950,85d881e85166,"fact which no one ought to fail to see, that the singing of the two verses last quoted is not wor- ship. This singing the brethren were to address to one another, and, of course, they were not to worship each other. It is singing in which Chris- tians are to teach and admonish one another, and not God. The melody of the heart, which is voice- less, is to be ""unto the Lord,"" but the melody of the voice is to be to men. The ""grace in your hearts"" is to be ""unto God,"" but the singing is to be ""speaking to one another."" These manifest facts vitiate all of Bro. Kurfees' reasoning in this chap- ter, and make the conclusion that an instrument is not to be used in the worship of God void. Why an instrument may not be used in singing that is addressed to men is not obvious."
worship,pre1950,234c5055575d,"It is not certain that the singing here contem- plated is singing in worship. It is true that the translation is ""sing praise,"" but it is the translation of a single word psalleto, and a strict rendering would be ""let him sing."" Notice, too, that this is individual, and not congregational, and it is singing to express cheerfulness, and not devotion. Of course it must be such singing as would be becom- ing in a Christian. Now, when a Christian is cheerful and wants to express his cheerfulness by"
worship,pre1950,8e866031a09e,"But the case concerning the meaning of psallo is even stronger than that concerning haptizo. Not simply a majority of the religious bodies represented by the Revisers, but all of them, use instrumental music in worship. Hence, so far as theological reasons were concerned, everything was in favor of rendering psallo so as to uphold the practice, and no conceivable consideration would have kept them from doing so, if it could have been done with any show of consistency. But, after spending fourteen years of arduous labor on the Old and New Testaments before bringing their task to completion, what is their verdict? What do these distinguished scholars say is the meaning of psallo in the New Testament? Did they venture"
worship,pre1950,0ddd7b7f1128,"My Dear Professor: — I ask your pardon for intruding upon your attention with a matter in which you possibly feel no interest. My apology is that I think an unwarranted use is being made, here in the West, of the Revised Version of the Scriptures, and I want to put myself in a position to make that wrong manifest. In this part of the country there is great opposition to the use of instrumental music in Christian worship, and recently quite a pretentious book has been pub- lished on the subject, in which the Revisers are represented as knowing that the Greek word psallo, as used in New Testament times, did not permit the use of an instrument in the singing that it"
worship,pre1950,77c15c8b4e71,"""Not simply a majority of the religious bodies represented by the Revisers, but all of them, use instrumental music in the worship. Hence, so far as theological reasons were concerned, everything was in favor of rendering psallo so as to uphold the practice, and no conceivable consideration would have kept them from doing so, if it could have been done with any show of consistency. But, after spending fourteen years of arduous labor on the Old and New Testaments before bringing their task to completion, what is their verdict? What do these distinguished scholars say is the meaning of psallo in the New Testament? Did they venture to say that the word, in any instance, meant to play an instrument of music?"""
worship,pre1950,1bbd5bc62d82,"The argument is this: The apostles attended the temple services of devotion and participated in them. In those devotional services instruments of music were used. No apostle made any protest against such music nor raised any objection to it. Therefore we have apostolic approval of the use of instruments in worship. Bro. Kurfees' labored reply makes at least one thing plain, namely, that he feels the force of the argument and realizes that, unless it can be set aside, his cause is hope- lessly lost. He says:"
worship,pre1950,436e156bdb22,"Let it be cheerfully conceded, first of all, that if this claim be founded in fact — if, indeed, we have apostolic example for the practice, then all opposition to it should cease; for, if we are not to follow the leadership of inspired apostles in our efforts to worship and serve God, then we are m"
worship,pre1950,784cefbb9196,"This indicates that our author realized that he was shouldering a very heavy load and the outcome shows that the feeling was well founded. He denies that the apostles went into the temple to worship, and holds that they did not participate in the devotional services of the temple. He makes no issue upon the point that instruments were used in those services, but admits it, and hence it is not necessary to argue that matter here. Having sub- stantially stated the several items in the position that I occupy, he says :"
worship,post1950,94a76c5f3234,"Worship is both remembering and forgetting. Remembering the Lord, high and lifted up, God of the atom, God of the universe. Creating star and flower and beast and man. Wondrous in majesty."
worship,post1950,fe80e66c0415,"Meeting for worship: Sunday, 11 a.m., at 815 Girard, N.E., Albuquerciue, N.M."
worship,post1950,471edc645ee9,"Meeting for worship: Sunday, 10 a.m., in ho)iies of members."
worship,post1950,5584668bb14f,"Meeting for worship: Sunday, 11 a.m.. Vine and Wal- nut Sts., Berkeley, Calif."
worship,post1950,542238a41aff,"Meeting for worship: Sunday, 11 a.m., at the French- Canadian Club, 540 12th Ave., West, Calgary, Alta."
worship,post1950,3c5f8aa4ae5d,"Meeting for worship: Sunday, 9:30 a.m., in Balch Hall, Scripps College, Claremont, Calif."
worship,post1950,70374b1b169d,"Meeting for worship: Sunday, 11 a.m., at 1041 Mor.se St., San Jose, Calif."
worship,post1950,5775240d4ba7,"Meeting for tvorship: second and fourth Sundavs in month. 10:30 — singing; 11 — worship. At Church \\'orld Service, 919 Emerald, Modesto, Calif."
worship,post1950,31c179bd0c1c,"Meeting for worship: Sunday at 10 a.m., at Lake Hills Community Club, Lake Hills Blvd. at 152nd, Bellevue, Wash., until early in 1962."
worship,post1950,8f3f825e35c6,"Meeting for worship: 2nd and 4th Sundays, 10:30 a.m., at International Institute, 847 Waterman St., Fresno, Calif."
worship,post1950,ad4124bfedd2,"Meeting for worship: Sunday, 10:30 a.m., at 2426 Oahu Ave., Honolulu 14, Hawaii."
worship,post1950,f9d09adfd7dd,"Meeting for worship: Sunday, 11 a.m., at 7380 Eads, La Jolla, Calif."
worship,post1950,d190be951e5a,"Meeting for worship: Sunday, 11 a.m.. University"
worship,post1950,d321af33e77b,"Meeting for worship: Sunday, 11 a.m., at Casa de los Amigos, Ignacio Mariscal 132, Mexico 1, D.F. (Tele- phone, 13-97-56)"
worship,post1950,34c0f7083275,"Meeting for worship: Sunday, 10:30 a.m., at De Neal Morgan Studio, ojiposite Church of the Wasfarer, Lin- coln St., south of Ocean, Carmel, Calif."
worship,post1950,4a79eddba324,"Meeting for worship: Sunday, 10 a.m., at 4312 S.E. Stark St., Portland, Oreg."
worship,post1950,339a7616ecd5,"Meeting for worship: Sunday, I 1 a.m., at 526 H Orange CroN'c Bh'd., Pasadena, Calif."
worship,post1950,603ac0f92a2b,"Meeting for worship: Sunday, 11 a.m., at 957 Colorado St., Palo Alto, Calif."
worship,post1950,45f27b865233,"Meeting for worship: Sunday, 11 a.m., at Glendale Ave and 17th St., I’hoenix, Ariz."
worship,post1950,e77c1cbbe476,"Meeting for worship: Sunday, 10 a.m., at 1201 E. Speedway, Tucson, Ariz."
worship,post1950,626941918b01,"Clerk: Elisha T. Kirk, Rt. 2, Box 274, Tucson, Ariz. Sunday School: Small primary class and nursery care, during worshixr. Adult class after meeting for worship. Correspondent: the clerk."
worship,post1950,5a0b28a66ce5,"Meetings for worship: at Redlands, Calif.: Sunday, 9:30 a.m., at 114 Vine St., Redlands."
worship,post1950,b09fb3379f1e,"Meeting for worship: Sunday, 10 a.m., at 2620 — 21st St., Sacramento, Calif."
worship,post1950,369c5e247211,"Meeting for worship: Sunday, 11 a.m., at 2160 Lake St., San Francisco, Calif."
worship,post1950,ce85a848bf07,"Meeting for worship: Friday, 8:30 p.m., at 303 Law- rence Dr., San Luis Obispo, Calif."
eternal life,pre1950,da41ed1cc50b,"Walking with God, 77 THOUGHTS ON ETERNAL LIFE."
eternal life,pre1950,f63af0e16739,"By birthright he was a member of God's chosen and separated nation* By his upright and moral life in obedience to written law, he doubtless, like Saul of Tarsus and other zealous Jews, considered life eternal his just due. As a devout Hebrew, as Ruler, as Doctor of Divinity (for . that is the modern equivalent of his title), he stands before us in the sacred page as a representative Israelite,— specimen from a nation which Omnipotent Wisdom had specially chosen from among all the peoples of the earth, and had educated, disciplined, and trained."
eternal life,pre1950,4b090a65ed4d,"To this man, a moment ago so rich, but now so destitute, there came instant tidings of God's provision to meet his utmost need. This was not a means of cure for his ""infected nature,"" nor to tell him what he might do in the way of reparation or amendment, God never patches up that which is defective, but brings in a new thing. And this new thing, which brings all the riches of Deity to meet the absolute destitution of the sinner—a thing not mentioned or even hinted at in the prophetic writings—is Eternal Life, It could be nothing less^ because nothing less would meet the sinner's need—it could not be more, because it includes all blessing which even Omnipotence has to bestow. ""As Moses lifted up the serpent in the wilderness even so must the Son of Man be lifted up, that every one believing in Him should not perish, but have everlading life'' (John iii, 14, 15)."
eternal life,pre1950,a67e0c4b5cd5,"Out of this first man all human beings have been developed, all are subject to a common doom; all being intrinsically perishable would die and perish, utterly and forever, were it not for the Divine revelation of Eternal Life."
eternal life,pre1950,c6b4125f2d6a,"As we shall try to show you later, this New Eternal Life which is in the believer is nothing less than the Resurrection Life of Jesus Christ, imparted to him. He has been *'quickened together with Christ/' He is, therefore, one with Him now in Life, as he shall^ by &nd by, be one with Him, in manifested glory."
eternal life,pre1950,d0ceef4f2296,"'^Eternal life I—how will it bloom In peerless beautv, when we rise Triamphant o'er the vanqaished tomb, To meet our Saviour in the akies f"
eternal life,pre1950,aaaf19ecdba7,"The Word of Grod teaches aduol regeneration, A man is born into the world, because he has been generated. He is born a second time because he is re-generated. The one is as real and as truly a fact as the other. If, as Christians, we accept as a statement of actual fact, and rest the eternal safety of our souls on the words, "" Whosoever believeth in Him shall not perish, but have everlasting life,"" we must also accept as literal truth the declarations "" Except a man be born again, he cannot see the Kingdom of God,"" and •*That which is born of the flesh is flesh, and that which is born of the Spirit is spirit."""
eternal life,pre1950,02eea03f6fb9,"It is only God who can say, "" I lift my hand to heaven and say I live forever^^ (Deut. xxvii, 40). Life in Himself—that is, innate, inherent immortality—belongs to God, and to God only. But here we find the Man from Heaven declaring that tiiis has been bestowed by the Father upon Himself. He has just said,"" For as the Father raiseth up the dead and quickeneth (makes to live) them, even so the Son quickeneth whom He will ""(John v, 21). A little later we hear the Ix)rd Jesus addressing the Father, ""As Thou hast given Him power over all flesh, that He should give eternal life to as many as Thou hast given Him."""
eternal life,pre1950,b13746ecdfab,"He was Himself the grain of wheat. Like produces like. God gives to every seed its own body. It is therefore the Resurrection Life of Jesus the Christ which is in the believer, by virtue of which he is truly a child of God, is ""partaker of a Divine Nature"" (II Pet. i,4), is ""begotten again from incorruptible seed"" (I Pet. i, 23). The stalk which springs from the seed which died bears many grains, but they have a common life, derived from the seed which was planted, and they reproduce its characteristics. So the Eternal Life which is in the Christian is Christlike. It is to be developed now, and to be manifested in glory by and by. We read in the Epistle to the Colossians (chap, ii, 13): "" And you being dead in sins and the uncircumcision of your flesh, hath He quickened (made to live) together with Him, having forgiven you all trespasses."""
eternal life,pre1950,6980e5c48221,"4. They are possessors of Eternal Life, which is an impartation to them of the Resurrection Life of Jesus the Son of God, by virtue of which, and of which only, they will live forever. This is a present possession, potential now, designed to be dominant now, but sure to bo supreme hereafter."
eternal life,pre1950,26f57302967f,"The same divine philosophy which has declared to us the presence of a new Eternal Life in the "" Twice-Born Ones;"" which has revealed to us in the ^' Man from Heaven'' the source of that Life, and has shown us in the *' Heavenly Family "" something' of its development and manifestation^ supplies the answer to the above question."
eternal life,pre1950,f21b26cc1769,"But, beloved Christian reader, I have not written all this so much to tell you what you will be by and by, as to try to let you kuow what you are now. No matter how weak and halting your walk may be, if you are only a Christ-truster, you have, as a present possession. Eternal Life. This is a new principle of being, an actual new life, the resurrection life of the Son of God, a Divine Nature imparted to you, by virtue of which you are now *^ one with Christ,'* and shall live forever, because He lives. This New Life is to be manifested in a glorious body, appropriate to its nature and conditions, and this is just what the Apostle defines as Resurrection. This Eternal Life is a real thing, as real as your soul or your body, and is distinct from both. You possess it now, and your Heavenly Father would have you walk in the power of it. To know who you are and what you are, is the first requisite to behaving yourself in correspondence with your station."
eternal life,pre1950,e28f8d1c7f25,tion^ it IS merely as an event in his eternal life^ in which he has sloughed off the body of sin^ and enters upon the manifestation and development of his real and true life.
eternal life,pre1950,7f5a5b672ea7,the manifestation of Eternal Life. To him who knows
eternal life,pre1950,8565a296a795,"Our Lord, in his interview with Nicodemus, announced the depths of human needs in the words, "" Except a man be born again, he cannot see (or discern) the Kingdom of God,"" (John iii, 3.) ""And except a man be born of water and Spirit, he cannot enter the Kingdom of God. That which is born of the flesh is flesh ; and that which is born of the Spirit is spirit."" (John iii, 5-6.) This was not the announcement of the necessity of reformation, or even of total reconstruction. It was nothing less than the absolute setting aside of that which existed, and the bringing in of something absolutely different and absolutely new. The flesh, that is to say, the old nature derived from Adam, can never do anything more than reproduce itself. However civilized, educated, refined, and polished—however changed in appearance—it must remain intrinsically the same. That which is born of the flesh must be fli'sh,and cannot be anything more. But with the dechiration of this need comes also the announcement of God's provision to meet it. This is nothing less than a new creation —a creation not like the old, from beneath; not derived from the earth, but from above. In order to participation in the kingdom about to be revealed, man must become the possessor of a new life—an actual vital principle, distinct from and superadded to the life which he derived from Adam. This life has its source from above—as the marginal rendering of the passage has it,—"" Except a man be born from above, he cannot see the Kingdom of God."" (John iii, 3.) While a real and actual thing, it is neither a physical birth nor a psychical life. The one so born is born of Spirit. Of such, it is said that they are *' begotten not of blood; nor of the will of the flesh, nor of the will of man, but of God."" (John i, 13.) Life is derived from Adam by propagation, but the new and heavenly life is received by impartation. The one is successional, the other eternal."
eternal life,pre1950,108cef29516b,"obtained eternal redemption. A man thus made tlic object of grace, becomes, at the moment appointed of God from all eternity, the subject of grace. He is quickened—that is, made alive in union with Jesus Christ, the risen one—who said to His disciples, ""Because I live, ye shall live also"" (Johnxiv, 19), who declared to the Pharisees concerning His sheep, "" I give unto them eternal life, and they shall never perish;"" (John x, 28), who said, ""He that liveth and believeth in me shall never die;"" (John X, 26), "" shall never see death;"" (John x, 61), "" shall never taste of death;"" (John x, 52), who prayed the Father, concerning His chosen ones, ""that they all might be one, even as we are one, I in them and Thou in me, that they may be made perfect in one."" (John xvii, 21-23.) Those who are thus quickened, are i)artakers of the resurrection life of Jesus Christ. They are, as the Word states over and over again, ""one with Him."" He is in them. They constitute one body, of which He is the head. His life i)erraeates the whole body, and energizes each and every one of its members. It is therefore said, concerning all believers, that they are "" in Christ Jesus."" They were, and according to the flesh still are, "" in Adam,"" but the old standing and the old relationships are superseded by the new. In Adam they died. In Christ all are made alive. In Adam there is nothing but condemnation, and death reigns, because sin dominates the race; but in Christ Jesus we are told that there is now no condemnation. In Christ Jesus condemnation is not possible, because the believer is identified with Christ, who bore the burden of sin and made an end of it forever. The Christian is viewed as having died and risen with Him, and having therefore left upon the other side of His cross and grave"
eternal life,pre1950,3c63a6725b06,"vious numbers of these "" Thoughts"" the real union of Christ and the Christian—a union which consists in the possession of an actual vital principle common to the Head and the members; the communicable resurrection life of Jesus Christ whom Gk)d raised from the dead, saying to Him, "" Thou art my Son, this day have I begotten Thee."" (Acts xiii, 32, 3.1) The members have, in themselves, no value, but they stand like ciphers to express to a wondering universe the value of the Head. Moreover, they are informed and permeated with life from the Head—Eternal life—^as a present and eternal possession. They are really and truly one with Christ. God has so identified them with His Son, that He reckons His death as their death, and unites them to Him by "" quickening them together with Him "" (Eph. ii, 5), i. e., by imparting to them His resurrection life."
eternal life,pre1950,3c743b19a176,"In raising Jesus from the dead, God first bestowed immortality upon a man. The Son of Man was the self- emptied One (Phil, ii, 7), who lived and walked by faith only, hung upon the cross in the exercise of faith, and went down into death in the power of simj)le trust. One exercise of His divine power would have defeated the object that, by man, should come the resurrection from the dead. To this trusting and obedient Man it was then given "" to have life in Himself^ even as the Father hath life in Himself."" (John v, 26.) But not for Himself only. He was given authority over all flesh, "" so that He might give Eternal life to as many as Thou hast given Him."" (John xvii, 2.)"
eternal life,pre1950,bd8ac6b3201d,"Was then the gathering out of the world of the constituents of this Body, ordained as the exponent of God's eternal purpose, left in anywise to chance or circumstance^ The action here spoken of is that of God. The source of the action is in the will alone, without assigned cause or reason, of Him who is Sovereign and Supreme, The action is complete in itself, and is anterior to creation; therefore, independent of all secondary causes. It is God who has blessed, not who may or will, bless us with all spiritual bleasings. The Christian has been endowed with these blessings, and they have been made his as truly as though he were now as able to enter into them as he wilt be by and by. They are his by an inalienable deed of gift. The blessings are spiritual; therefore, they pertain to his new life. They are heavenly ; and, therefore, belong to him as one "" born from above."" And they are "" in Christ/' The believer is also "" in Christ,"" now and eternally."
eternal life,pre1950,235995acf50d,"To one who has trusted his soul to Jesus Christ, and who rests upon the word: ""Whosoever believeth in Him shall not perish but shall have eternal life,"" the thought of God's absolute Sovereignty is most precious. It is neither blind fatalism, nor the cold decree of arbitrary Power. It is the sovereignty by which infinite Love, combined with infinite Wisdom, is carrying out a Purpose designed for the higher blessing of the whole Creation, For the fulfillment of this Purpose, the believer has been made a necessary constituent—^as necessary, it may be reverently said, to Grod, as salvation is to himself If salvation were in any sense dependent upon any thought or act of mine, I could never feel absolutely certain that my thought or act were acceptable—that I had believed or repented aright. But when I know that my faith, though itself nothing, stands on the absolute and irrevocable decree of omnipotent righteousness, I am at rest. It is not the consciousness of what I think about God that gives me conscious peace—it is the knowledge of what He has declared that He thinks about me."
eternal life,pre1950,0877ce49a74c,"But this is not all. The sinner has not only been made right in God's sight, by the blood of Christ, but he has been brought into a new relationship. He was before, according to the statement in verse 10, an enemy of God. He has now been reconciled by the death of His Son. It is, therefore, not merely that he has been cleared of guilt and freed from condemnation; but the thought of reconciliation implies the idea of unity, of community of thought and feeling; of being, in a word, brought into a tender and loving relationship, in which the bestowment of blessing on the one hand, and the return of thanksgiving on the other, are the natural and proper characteristics. Coupled with this fact, comes the statement of a higher, include what is meant by the expression "" saved in His life."" It would be, after all, but a poor boon to be delivered from the punishment of sin; if thus saved, we should still remain intrinsically sinners. Saved in His life, we are saved not merely from the punishment of sin, but from sin itsel£ We are delivered not merely from condemnation, but from that which has been condemned and set aside by the cross of Christ. That is to say—ourselves. Our old nature, all that which was at enmity to Qody is reckoned of Him, as having there been brought to an end and set aside; and we, having thus died with Christ, are seen in the Divine estimate as having also risen with Him. We are partakers of a new life—a new principle of being—even the communicable resurrection life of the man Christ Jesus, on whom God bestowed the gift of innate, inherent immortality, in raising Him from the dead. No other being in the universe—no angel—possesses this, except the Son of God, and those to whom He has imparted it. It is incorruptible, impeccable, and is eternal, because it is divine. The believer is therefore saved in His life, because Christ's life is his life; because God, having first forgiven him all trespasses, has made him alive together with Christ."
eternal life,pre1950,8a6f669bbfcf,"deeper, broader salvation than mere deliverance from wrath. Having been justified in His blood, we are to be saved from wrath. This is a great and wonderful thing; but it is only the negative side of the great salvation which God has provided;—we are not only saved from something, we are saved to something. Being now reconciled ones, we are saved "" in His life."" We have not now to do with a dead Christ. We are not taught to contemplate Him as being now on the cross ; nor to go to the cross at all to find Him, there to weep at His feet, or to worship Him as dying. He says, concerning Himself, ""Fear not. I am the first and the last, and the living one. I was dead, but behold I live forever, and I have the k6ys of death and of hell."" (Rev. i, 17, 18.) It is, therefore, with a living Saviour that we have to do. The Saviour who has delivered us from wrath by His blood, who has reconciled us to God by His death, has passed through the heavens, and now lives, seated on the right hand of the Majesty on high. He declared to His disciples, and declares to us: "" Because I live, ye shall live also."" (John xiv, 19.) "" He that liveth and believeth in me, shall never die.*^ (John x, 26.) *^ Though he were dead, yet shalllie live."" (John xi, 26.) We are saved by His life. He is a present Saviour—able, willing, ready to deliver us from every trial and temptation. He is present, and the remembrance of His sacrifice is ever present, on our behalf, before God. This assures us of our eternal safety. It is God's answer to every question of doubt or fear in our minds. It is the eternal evidence in the sight of God and the universe, that all question of sin has been forever settled for us, and that God has made and declared a peace, which never can be disturbed. But even all this does not"
eternal life,pre1950,e3e21f48d8bc,",We have here, then, three particulars concerning the mountain of Zion. It is the place of sovereignty, because it was there the command was given. It is the place of blessing, because blessing was the substance of the command. It is the place of life, because the blessing there commanded and bestowed is ""life forevermore/' This life forever- more is not the announcement of the unending continuance of created existence, but is a 7iew thing, the bringing in of that previously unknown to created intelligences. It is the gift of life, wliich is essentially eternal, b'?cause indestructible, incorruptible, and impeccable, in fact an emanation from Goil 11 i niself. Those who possess it are declared to be partakers of a Divine nature, and to have been born of God."
eternal life,pre1950,33d1bf110155,"The habitations of the city of God are also organisms, and not organizations. They are not earthly, but heavenly; not fleshly, but spiritual. You read of ihem in II Cor. V, where the Apostle Paul writes, ""We that are in this tent, do groan, being burdened; not for that we would be unclothed, but clothed upon, that mortality might be swallowed up of life.'^ Also, ""If this earthly tent of our dwelling be taken down, we have a building of God, an house not made with hands, eternal in the heavens."" The earthly tent to which the apostle refers is the frail body of humiliation, which is even now undergoing the process of decay, and is soon to be dissolved."
eternal life,pre1950,22631f872ced,"In this reconstituted universe we find another order of beings, distinct alike from angels, and from the first-born ones, namely, the ""spirits of just men made perfect,"" or ""having been perfected."" We read of some of these by name, in the 12th of Hebrews. Concerning ourselves it is said tliat we have received the promises. We did receive them in their fullness, when God bestowed upon us the gift of eternal life, which includes all promise and all blessing. This gift, however, could not be bestowed till Christ Iiad made an end of sins, and had risen from the dead. Before that time a long list of God's chosen ones had confessed His name, and had believed the testimony concerning the Messiah that was to appear. It was said of them that they were attested through the faith. They did not receive the promises. ""All these died in faith, not having received the promised blessings, but having seen and saluted them afar off, and confessed that they were strangers and pilgrims on the earth."" (Heb. xi, 13.)"
eternal life,post1950,e39bf1a571a9,"This work is dedicated to The Living God Who first created the Earth and then the Heavens, and Who raised Jesus Christ from the dead. It is dedicated to The One Who knew everyone before they were born and yet still intensely desired to love and live with every individual as a Father to a Child; Who promised, protected, provided, and purchased every soul who is free to choose eternal life in Christ. It is dedicated to Him to Whom Jesus Christ worshipped, loved, served, and obeyed— even to the point of torture and death by ignorant men."
eternal life,post1950,ba25df49fc51,Sex & Marriage in Heaven - Why many are wrong about “The Afterlife” - JESUS CHRIST PURCHASED THE ETERNAL LIFE AND IMMORTAL BODY FOR EACH AND EVERY BELIEVER; THE HOLY SPIRIT HAS BEEN INSERTED INTO THE BODY OF EVERY BELIEVER IN CHRIST WHICH SEALS THAT PERSON UNTIL THEIR BODY IS MADE IMMORTAL / INCORRUPTIBLE (AND YOUTHFUL) BY CHRIST AT THE ‘RAPTURE’ / GATHERING TOGETHER EVENT IN THE CLOUDS (POSTS WITH THESE VERSES / FOR THESE CLAIMS UPCOMING).
eternal life,post1950,6c6a1f99c35e,"There are many teachings and doctrines taught by people about God, Jesus Christ, Eternal Life and the Bible, and you and I need to test each claim and belief with the Word of God instead of the traditions of men. There are many arguments of carnal / religious people against the issues raised in this Book but none were quoted or directly debated given that time is valuable and Life After Our Redemption is written for those who are or will be saved — not those who do not love God’s Word."
eternal life,post1950,9a7a58114511,"Teachers, principals, and supervisors need to determine the kinds of learners being taught in the school/class setting. Are pupils good by nature, bad, or neutral? Concepts held pertaining to each pupil assist in determining objectives, learning activities, and evaluation techniques. The Puritans believed that individuals were born evil or sinful. A leading objective for Puritan pupils to achieve was knowledge of God or eternal life, and corporal punishment was regularly used. Joseph Lancaster introduced the Lancastrian Monitorial System of instruction into the United States in 1805* The system was also based on the belief that individuals were born evil, but employed the method of publicly embarrassing pupils for misbehavior as more humane than physical punishment. Johann Herbart (1776-1841) believed that individuals were born with a mind like a blank sheet, and neutral in their initial orientation, so that it was entirely up tc the teacher to furnish right ideas to pupils. Frledrich Froebel (1782-1857) believed that individuals were born as good, wholesome persons, and the teacher's task was to encourage this innate goodness to come forth. Teachers, principals, and supervisors must thoroughly evaluate and ultimately select quality objectives for pupils to achieve. General objectives can be divided into the categories of understandings, skills, and attitudes. How specific objectives should be stated is an issue. Cognitive, affective, and psychomotor objectives need adequate emphasis in the curriculum. There must be a rational balance among understandings, skills, and attitudinal objectives. Teachers, principals, supervisors, parents, and children should be actively involved in determining these ends. (Twelve footnotes are included.) (RS)"
eternal life,post1950,90e38776a601,"The Puritans established Massachusetts Bay Colony in 1630. Seemingly the Puritans had the best system of education in the New World. They believed that individuals were born evil or sinful. A leading objective for Puritan pupils to achieve was knowledge of God or eternal life. Achieving this end would assist pupils in moving away from evil and toward the Good. To achieve desire! objectives, Puritan pupils experienced the Horn Book. The Horn Book contained one page attached to what basically looked like a wooden ping-pong paddle. The upper and lower case letters of the alphabet in manuscript style, the Benediction, and the Lord's Prayer were contained in the Horn Book."
eternal life,post1950,25618632a547,Jesus Christ purchased the eternal life and immortal body for each and every Believer; the Holy Spirit has been inserted into the body of every Believer in Christ which seals that person until their body is made immortal / incorruptible (and youthful) by Christ at the “Rapture” / “Gathering Together” Event in the clouds (posts with these verses / for these claims upcoming).
eternal life,post1950,276bc8ddaa25,"between Believers Post Redemption Day because it would very likely offend those Believers taught only the Western / ungodly models of such unions (and have not studied the Greek / Hebrew Scripture texts). It is not God’s Heart to offend His Children and so, understandably, these aspects are not being shown to everyone. Yes, He wants to show Faithful Believers the glory and blessings that He will reward us with after Redemption Day (Harpazo / Rapture) - as per my book: “Life After Our Redemption ” - but He is truly all Love and those to whom He has revealed these things will know that they are to be wise with these revelations (yes, I am aware of others who also know these wonderful truths). I am truly delighted with what I have seen and understand how this information is NOT YET well known and can only suggest that you look at the relationships God blessed in Scripture from Adam and Eve, to David, Solomon and Gideon, as well as the Prophet and His four damsels who went to see Paul in the Book of Acts. I better understood what the Holy Spirit showed me after I appreciated that I will continue to be a male and, together, with my Brethren, be a Royal in The House Of Jesus Christ, King of Kings and Lord of Lords with all the blessings and privileges of a royal - INCLUDING LOTS OF CHILDREN. I know there are also questions about who will be a person’s partner/s in reproduction after The Day of Redemption and whether current partners will continue in the same romantic liaisons (but even better than before the Rapture). To this question of continued “marriage” all I can tell you is that these relationships will no longer be bound and will not necessarily retain the same partner / partners. God knows what He is doing and we will be transformed into Christ’s image - “Quickened Body” flesh and bones, immortal, sinless and ALL LOVE. I have received specific information which has been confirmed by direct communications from others about what I have been shown regarding my own life and I am very excited. With whom, and the structure of these upcoming unions / blessings is to be wisely handled - especially in light of the variance of spiritual and emotional maturity between each member in the wonderful Family of God. WE ARE PROMISED AMAZING BLESSINGS IN OUR ETERNAL FUTURES BY GOD AND JESUS CHRIST - SEX IS IN NO WAY EXEMPT FROM THEIR LOVE TO YOU, ME AND ALL GOD’S CHILDREN. LOOK UP WITH GREAT JOY - OUR LORD IS COMING AND OUR REDEMPTION DRAWS EVEN CLOSER!!"
eternal life,post1950,9eeb70a02e5f,"(1) Look at the usage of the terms: “eternal”, “everlasting”, “forever” and so forth in “The Lire That Consumes” by Edward Ludge (link in my “Whose Will Be Done?” Website) whom I believe was led and inspired by The Holy Spirit to write his book (which also helped me better understand God’s Love for people and God’s Punishment for sin). My understanding of “eternal” and “forever” deepened from Edward’s seminal work in his book and should be read by those who have (rightly) picked up on this apparent discrepancy in my book, “Life After Our Redemption (See also * below)"
eternal life,post1950,896378f74928,"* Note also: that God will be moving His Throne from Heaven to the New Earth after Christ’s 1,000 year Reign when the New Jerusalem (not made with the hands of mankind) comes down from Heaven to the New Earth in Revelation 21-22 KJV - despite Scripture saying God’s Throne above the heavens is “eternal”; that there are different categories of Believers who will be given different Rewards / Duties (such as those who were martyred DURING the TRIBULATION and those who were not executed for their stand with Christ). We will not be the same as each other and will enjoy our own appointed rewards and have our own personal “new name” (see “Life After Our Redemption ”); we will all share the same attributes of Christ’s Resurrected Body and we will all sit next to Christ Who sits next to God over all God’s Creation - now and in the future."
eternal life,post1950,bae2db6c8ce5,"The meek shall inherit (and live on) the Earth. Are you meek? Do you love God? Ask Jesus Christ into your life right now - do not be religious but be like King David and the Apostle Paul - seek the Lord with all your heart, soul, mind and strength for He truly loves you and wants to bless you with eternal life with Him and Jesus Christ. Life - with all its meaning of family, sex, babies, adventures, riches, glory and wealth as a royal in His House of love and glory. Eternity is a long time to be in the right place!! I love you - see you there!! (:"
eternal life,post1950,192ac052dff4,"There are many teachings and doctrines taught by people about God, Jesus Christ, Eternal Life and the Bible, and you and I need to test each claim and belief with the Word of God instead of the traditions of men. There are many arguments of carnal / religious people against the issues raised in this Book but none were quoted or directly debated given that time is valuable and “Life After Our Redemption ” is written for those who are or will be saved — not those who do not love God’s Word."
eternal life,post1950,c19e565a5991,JESUS CHRIST PURCHASED THE ETERNAL LIFE AND IMMORTAL BODY FOR EACH AND EVERY BELIEVER; THE HOLY SPIRIT HAS BEEN INSERTED INTO THE BODY OF EVERY BELIEVER IN CHRIST WHICH SEALS THAT PERSON UNTIL THEIR BODY IS MADE IMMORTAL / INCORRUPTIBLE (AND YOUTHFUL) BY CHRIST AT THE 'RAPTURE' / GATHERING TOGETHER EVENT IN THE CLOUDS (POSTS WITH THESE VERSES / FOR THESE CLAIMS UPCOMING).
eternal life,post1950,04acedd9f81c,INTERSTELLAR TRAVEL AND ETERNAL LIFE
eternal life,post1950,78f3e5179d5d,"Apparently most scientists assume that eternal life is impossible for fundamental physical and mathe- matical reasons, which have been made explicit by James S. Hayes. (In “Technological Routes to Im- mortality,” The Scientist Speculates, Basic Books, 1962.) However, I think Prof. Hayes is wrong, both in his reasons for giving up on unlimited life in the full and in the limited substitute he suggests."
eternal life,post1950,28adbcf8c4b2,INTERSTELLAR TRAVEL & ETERNAL LIFE
eternal life,post1950,3a8e83dc282a,"I cannot conceive that we will ever seriously worry about eternal life as contrasted with life “merely” extend- ed for thousands or tens of thousands of years. I doubt very much that the present “limiting” laws of phys- ics — those of relativity and quan- tum mechanics — will retain thei supposed fundamental character for- ever. The purpose of the little exer- cise above, other than having some fun, is just to put in their places those who take smug and narrow views concerning what can and can- not happen, in the indefinite future. — R.C.W. ETTINGER END"
eternal life,post1950,454a10d6f836,"as well as Augustin, saw this at the time, and speaks of Pelagianism as the ** heresy of Pythagoras and Zeno ; "" ' and modem writers of the various schools have more or less fully recognized it. Thus Dean Milman thinks that "" the greater part "" of Pelagius* letter to Demetrias "" might have been written by an ancient academic ; "" * Dr. De Pressens^ identifies the Pelagian idea of liberty with that of Paganism ; ' and Bishop Hefele openly declares that their fundamental doctrine, "" that man is virtuous entirely of his own merit, not of the gift of grace,"" seems to him "" to be a rehabilitation of the general heathen view of the world,"" and compares with it Cicero's words : * '' For gold, lands, and all the blessings of life, we have to return thanks to the Gods ; but no one ever returned thanks to the Gods for virtues."" * The struggle with Pelagianism was thus in reality a struggle for the very foundations of Christianity ; and even more dangerously than in the previous theological and Christological controversies, here the practical substance of Christianity was in jeopardy. The real question at issue was whether there was any need for Christianity at all ; whether by his own power man might not attain eternal felicity ; whether the function of Christianity was to save, or only to render an eternity of happiness more easily attainable by man.^"
eternal life,post1950,529599d0634c,"In defending their theory, as we are told by Augustin, there were five claims that they especially made for it.' It allowed them to praise as was their due, the creature that God had made, the marriage that He had instituted, the law that He had given, the free will which was His greatest endowment to man, and the saints who had followed His counsels. By this they meant that they proclaimed the sinless perfection of human nature in every man as he was brought into the world, and opposed this to the doctrine of original sin ; the purity and holiness of marriage and the sexual appetites, and opposed this to the doctrine of the transmission of sin ; the ability of the law, as well as and apart from the gospel, to bring men into eternal life, and opposed this to the neces- sity of inner grace ; the integrity of free will to choose the good, and opposed this to the necessity of divine aid ; and the perfection of the lives of the saints, and opposed this to the doctrine of universal sinfulness. Other questions, concerning the origin of souls, the necessity of baptism for infants, the original immortality of Adam, lay more on the skirts of the controversy, and were rather consequences of their teaching than parts of it. As it was an obvious fact that all men died, they could not admit that Adam's death was a consequence of sin lest they should be forced to confess that his sin had injured all men ; they therefore asserted that physical death belonged to the very nature of man, and that Adam would have died even had he not sinned.' So, as it was impossible to deny that the Church everywhere baptized infants, they could not refuse them baptism without confessing themselves innovators in doctrine ; and therefore they contended that infants were not baptized for forgiveness of sins, but in order to attain a higher state of salvation. Finally, they conceived that if it was admitted that souls were directly created by God for each birth, it could not be asserted that they came into the world soiled by sin and under condemna- tion ; and therefore they loudly championed this theory of the origin of souls."
eternal life,post1950,b778c27b1b82,"Paulinus' charge consisted of seven items,^ which asserted that Coelestius taught the following heresies : that Adam was made mortal, and would have died, whether he sinned or did not sin ; that the sin of Adam injured himself alone, not the human race ; that new-bom children are in that state in which Adam was before his sin ; that the whole human race does not, on the one hand, die on account of the death or the fall of Adam, nor, on the other, rise again on account of the resurrection of Christ ; that infants, even though not baptized, have eternal life ; that the law leads to the kingdom of heaven in the same way as the gospel ; and that, even before the Lord's coming, there had been men without sin. Only two fragments of the proceedings of the synod in investigating this chaige have come down to us ; < but it is easy to see that Coelestius was con- tumacious, and refused to reject any of the propositions charged against him, except the one which had reference to the salvation of infants that die unbaptized, — the sole one that admitted of sound defence. As touching the transmission of sin, he would only say that it was an open •question in the Church, and that he had heard both opinions from Church dignitaries ; so that the subject needed investigation, and should not be made the ground for a charge of heresy. The natural result was, that, on refusing to condemn the propositions chaiged against him, he was him- •self condemned and excommunicated by the synod. Soon afterwards he sailed to Ephesus, where he obtained the ordination which he sought."
eternal life,post1950,8062b91b7538,"hundred, and replied to Zosimus that they had decided that the sentence pronounced against Pelagius and Coelestius should remain in force until they should unequivocally acknowledge that ""we are aided by the grace of God, through Christ, not only to know, but to do what is right, in each single act, so that without grace we are unable to have, think, speak, or do anything pertain- ing to piety."" This firmness made Zosimus waver. He answered swellingly but timidly, de- claring that he had maturely examined the matter, but it had not been his intention finally to acquit Coelestius ; and now he had left all things in the condition in which they were before, but he claimed the right of final judgment to himself. Matters were hastening to a conclusion, how- ever, that would leave him no opportunity to escape from the mortification of an entire change of front. This letter was written on the 21st of March, 418 ; it was received in Africa on the 29th of April ; and on the very next day an imperial decree was issued from Ravenna ordering Pela- gius and Coelestius to be banished from Rome, with all who held their opinions ; while on the next day. May i, a plenary council of about two hundred bishops met at Carthage, and in nine canons condemned all the essential features of Pelagianism. Whether this simultaneous action was the result of skillful arrangement, can only be conjectured : its effect was in any case necessarily crushing. There could be no appeal from the civil decision, and it played directly into the hands of the African definition of the faith. The synod's nine canons part naturally into three triads.' The first of these deals with the relation of mankind to original sin, and anathematizes in turn those who assert that physical death is a necessity of nature, and not a result of Adam's sin ; those who assert that new-bom children derive nothing of original sin from Adam to be expiated by the laver of regeneration ; and those who assert a distinction between the kingdom of heaven and eternal life, for entrance into the former of which alone baptism is necessary. The second triad deals with the nature of grace, and anathematizes those who assert that grace brings only remission of past sins, not aid in avoiding future ones ; those who assert that grace aids us not to sin, only by teaching us what is sinful, not by enabling us to will and do what we know to be right ; and those who assert that grace only enables us to do more easily what we should without it still be able to do. The third triad deals with the universal sinfulness of the race, and anathematizes those who assert that the apostles' (i John i. 8) confession of sin is due only to their humility; those who say that "" For- give us our trespasses "" in the Lord's Prayer, is pronounced by the saints, not for themselves, but for the sinners in their company ; and those who say that the saints use these words of them- selves only out of humility and not truly. Here we see a careful traversing of the whole ground of the controversy, with a conscious reference to the three chief contentions of the Pelagian teachers.*"
eternal life,post1950,40240d4817b1,"After these books were completed, Augustin came into possession of Pelagius* Commentary on Panics Epistles ^ which was written while he was living in Rome (before 410), and found it to contain some arguments that he had not treated, — such arguments, he tells us, as he had not imagined could be held by any one.' Unwilling to re-open his finished argument, he now began a long supplementary letter to Marcellinus, which he intended to serve as a third and concluding book to his work. He was some time in completing this letter. He had asked to have the former two books returned to him ; and it is a curious indication of his overworked state of mind, that he forgot what he wanted with them : * he visited Carthage while the letter was in hand, and saw Marcellinus personally ; and even after his return to Hippo, it dragged along, amid many distractions, slowly towards completion.^ Meanwhile, a long letter was written to Honoratus, in which a section on the grace of the New Testament was incorporated. At length the promised supplement was completed. It was professedly a criticism of Pelagius' Commentary, and therefore naturally mentioned his name ; but Augustin even goes out of his way to speak as highly of his opponent as he can,^ — although it is apparent that his esteem is not very high for his strength of mind, and is even less high for the moral quality that led to his odd, oblique way of expressing his opinions. There is even a half sarcasm in the way he speaks of Pelagius* care and circumspection, which was certainly justified by the event. The letter opens by stating and criticising in a very acute and telling dialectic, the new arguments of Pelagius, which were such as the following : "" If Adam's sin injured even those who do not sin, Christ's righteousness ought likewise to profit even those who do not believe "" (2-4) ; ""No man can transmit what he has not; and hence, if baptism cleanses from sin, the children of baptized parents ought to be free from sin ; "" "" God remits one's own sins, and can scarcely, therefore, impute another's to us; and if the soul is created, it would certainly be unjust to impute Adam's alien sin to it"" (5). The stress of the letter, however, is laid upon two contentions, — i. That whatever else may be ambiguous in the Scriptures, they are perfectly clear that no man can have eternal life except in Christ, who came to call sinners to repentance (7) ; and 2. That original sin in infants has always been, in the Church, one of the fixed facts, to be used as a basis of argument, in order to reach the truth in other matters, and has never itself been called in question before (10-14). ^^ ^^is point, the writer returns to the second and third of the new arguments of Pelagius mentioned above, and discusses them more fully (15-20), closing with a recapitulation of the three great points that had been raised; viz., that both death and sin are derived from Adam's sin by all his posterity ; that infants need salvation."
eternal life,post1950,12a4f7c77c09,"Three days afterwards,^ on the invitation of the Bishop of Carthage, Augustin preached a ser- mon professedly directed against the Pelagians,^ which takes up the threads hinted at in the former discourse, and develops a full polemic with reference to the baptism of infants. He began, formally enough, with the determination of the question in dispute. The Pelagians concede that infants should be baptized. The only question is, for what are they baptized ? We say that they would not otherwise have salvation and eternal life ; but they say it is not for salvation, not for eternal life, but for the kingdom of God. ..."" The child, they say, although not baptized, by the desert of his innocence, in that he has no sin at all, either actual or original, either from him-"
eternal life,post1950,af2609a4fcf8,"self or contracted from Adam, necessarily has salvation and eternal life even if not baptized ; but is to be baptized for this reason, — that he may enter into the kingdom of God, i.e., into the kingdom of heaven."" He then shows that there is no eternal life outside the kingdom of heaven, no middle place between the right and left hand of the judge at the last day, and that, therefore, to exclude one from the kingdom of God is to consign him to the pains of eternal fire ; while, on the other side, no one ascends into heaven unless he has been made a member of Christ, and this can only be by faith, — which, in an infant's case, is professed by another in his stead. He then treats, at length, some of the puzzling questions with which the Pelagians were wont to try the catholics ; and then breaking off suddenly, he took a volume in his hands. "" I ask you,"" he said, "" to bear with me a little : I will read somewhat. It is St. Cyprian whom I hold in my hand, the ancient bishop of this see. What he thought of the baptism of infants, — nay, what he has shown that the Church always thought, — learn in brief. For it is not enough for them to dispute and argue, I know not what impious novelties : they even try to charge us with asserting something novel. It is on this account that I read here St. Cyprian, in order that you may per- ceive that the orthodox understanding and catholic sense reside in the words which I have been just now speaking to you. He was asked whether an infant ought to be baptized before he was eight days old, seeing that by the ancient law no infant was allowed to be circumcised unless he was eight days old. A question arose from this as to the day of baptism, — for concerning the origin of sin there was no question ; and therefore from this thing of which there was no question, that question that had arisen was settled."" And then he read to them the passage out of Cyprian's letter to Fidus, which declared that he, and all the council with him, unanimously thought that infants should be baptized at the earliest possible age, lest they should die in their inherited sin, and so pass into eternal punishment.' The sermon closed with a tender warning to the teachers of these strange doctrines : he might call them heretics with truth, but he will not ; let the Church seek still their salvation, and not mourn them as dead ; let them be exhorted as friends, not striven with as enemies. "" They disparage us,"" he says, "" we will bear it ; let them not disparage the rule [of fiauth], let them not disparage the truth ; let them not contradict the Church, which labours every day for the remission of infants* original sin. This thing is settled. The errant disputer may be borne with in other questions that have not been thoroughly canvassed, that are not yet settled by the full authority of the Church, — their error should be borne with : it ought not to extend so far, that they endeavour to shake even the very foundation of the Church ! "" He hints that although the patience hitherto exhibited towards them is ""perhaps not blame- worthy,"" yet patience may cease to be a virtue, and become culpable negligence : in the mean time, however, he begs that the catholics should continue amicable, fraternal, placid, loving, long suffering."
eternal life,post1950,4f76645091b1,"The treatise On Nature and Grace was as yet unfinished, when the over-busy ' scriptorium at Hippo was invaded by another young man seeking instruction. This time it was a zealous young presbyter from the remotest part of Spain, "" from the shore of the ocean,"" — Paulus Orosius by name, whose pious soul had been afflicted with grievous wounds by the Priscillianist and Origen- ist heresies that had broken out in his country, and who had come with eager haste to Augustin, on hearing that he could get from him the instruction which he needed for confuting them. Augustin seems to have given him his heart at once ; and, feeling too little informed as to the special heresies which he wished to be prepared to controvert, persuaded him to go on to Palestine to *be taught by Jerome, and gave him introductions which described him as one "" who is in the bond of catholic peace a brother, in point of age a son, and in honour a fellow-presbyter, — a man of quick understanding, ready speech, and burning zeal."" His departure to Palestine gave Augustin an opportunity to consult with Jerome on the one point that had been raised in the Pelagian controversy on which he had not been able to see light. The Pelagians had early argued,* that, if souls are created anew for men at their birth, it would be unjust in God to impute Adam's sin to them. And Augustin found himself unable either to prove that souls are transmitted {tra- Jucedf^s the phrase is), or to show that it would not involve God in injustice to make a soul only to make it subject to a sin committed by another. Jerome had already put himself on record as a believer in both original sin and the creation of souls at the time of birth. Augustin feared ihe* logical consequences of this assertion, and yet was unable to refute it. He therefore seized this occasion to send a long treatise on the origin of the soul to his friend, with the request that he would consider the subject anew, and answer his doubts.^ In this treatise he stated that he was fully persuaded that the soul had fallen into sin, but by no fault of God or of nature, but of its .own free will ; and asked when could the soul of an infant have contracted the guilt, which, unless the grace of Christ should come to its rescue by baptism, would involve it in condemna- tion, if God (as Jerome held, and as he was willing to hold with him, if this difficulty could be deared up) makes each soul for each individual at the time of birth? He professed himself embarrassed on such a supposition by the penal sufferings of, infants, the pains they endured in this life, and much more the danger they are in of eternal damnation, into which they actually go unless saved by baptism. God is good, just, omnipotent : how, then, can we account for the fact that ""in Adam all die,"" if souls are created afresh for each birth? ""If new souls are made for men,"" he affirms, "" individually at their birth, I do not see, on the one hand, that they could have any sin while yet in infancy ; nor do I believe, on the other hand, that God condemns any soul which He sees to have no sin ; "" "" and yet, whoever says that those children who depart out of this life without partaking of the sacrament of baptism, shall be made alive in Christ, certainly con- tradicts the apostolic declaration,"" and "" he that is not made alive in Christ must necessarily remain under the condemnation of which the apostle says that by the offence of one, judgment came upon all men to condemnation."" "" Wherefore,"" he adds to his correspondent, "" if that"
eternal life,post1950,0e7a0b476ac0,"He is not merely following report in so speaking of him : no doubt report did for a long time represent this of him, but he gave the less heed to it because report is accustomed to lie. But a book of his ^ at last came into his hands, which left no room for doubt, since in it he asserted repeatedly that God's grace consisted of the gift to man of the capacity to will and act, and thus reduced it to what is common to pagans and Christians, to the ungodly and godly, to the faithful and infidels. He then gives a brief account of the measures that had been taken against Pelagius, and passes on to a treatment of the main matters involved in the controversy, — all of which gather around the one magic word of "" the grace of God."" He argues first that we are all lost, — in one mass and concretion of perdition, — and that God's grace alone makes us to differ. It is therefore folly to talk of deserving the beginnings of grace. Nor can a faithful man say that he merits justification by his faith, although it is given to &ith ; for at once he heais the words, "" What hast thou that thou didkt not receive ? "" and learns that even the deserving faith is the gift of God. But if, peering into God's inscrutable judgments, we go farther, and ask why, from the mass of Adam, all of which undoubtedly has fallen from one into condemnation, this vessel is made for honor, that for dishonor, — we can only say that we do not know more than the fact ; and God's reasons are hidden, but His acts are just. Certain it is that Paul teaches that all die in Adam ; and that God freely chooses, by a sovereign election, some out of that sinful mass, to eternal life ; and that He knew from the beginning to whom He would give this grace, and so the number of the saints has always been fixed, to whom he gives in due time the Holy Ghost. Others, no doubt, are called ; but no others are elect, or "" called according to his purpose."" On no other body of doctrines, can it be possibly explained that some infants die unbaptized, and are lost. Is God unjust to punish innocent children with eternal pains? And are they not innocent if they are not partakers of Adam's sin ? And can they be saved from that, save by the undeserved, and that is the gratuitous, grace of God ? The account of the Proceedings at the Palestinian synod is then taken up, and Pelagius' position in his latest writings is quoted and examined. ""But why say more?"" he adds. . . . ""Ought they not, since they call themselves Christians, to be more careful than the Jews that they do not stumble at the stone of offence, while they subtly defend nature and free will just like philosophers of this world who vehemently strive to be thought, or to think themselves, to attain for themselves a happy life by the force of their own will ? Let them take care, then, that they do not make the cross of Christ of none effect by the wisdom of word (i Cor. i. 17), and thus stumble at the rock of offence. For human nature, even if it had remained in that integrity in which it was created, could by no means have served its own Creator without His aid. Since then, without God's grace it could not keep the safety it had received, how can it without God's grace repair what it has lost?"" With this pro-"
church attendance,pre1950,59bb5b6a7522,"II. In the next place it is useless to talk about what our coun- try churches need to make them entirely efficient if it can be shown that they have no needs and are not deficient in results. If a person is in perfect health and is doing his full amount of work, he certainly needs no physician. There are many people and preachers who think that if church attendance remains con- stant and there are no losses in church membership, the churches are all right. Perhaps some will be so fair as to set their standard"
church attendance,pre1950,a50cbdd59587,"Let us look somewhat carefully at both sides of this question of the progress of the church. On the side of progress let us be encouraged that one presiding elder has recently said in regard to New England Methodism : ""Let me state as a profound con- viction that our times are not worse than former times."" But should we not be profoundly stirred because they are not much better than former times ? Indeed there are some indications of healthy increase. The Rev. W. F. English, Ph.D., of Connecti- cut, has recently said: ""While naturally and inevitably some churches have lost in members and opportunity for service, the church membership in relation to population has gained, a more intensive spiritual culture has been promoted, and a new country church has been developed by the very stress of circumstances,"" After a somewhat extensive comparative study of figures and of expert opinions I am convinced that the social problem of the church today in New England is not so great as at any previous time in fifty years. In making this statement the statistics of church membership and attendance are considered as the chief measure of the problem. In spite of these encouraging things there is an immense danger of a too easy optimism. There are still as many tasks as rewards for the rural churches. Let those listen to the following remarks who think we are ready for a millennial jubilee. The Rev. C. E. Hayward says in Institutional Work for the Country Church: ""But few country churches can be said to be in a flourishing condition ; the majority are hardly holding their own, some are losing ground, all are struggling heroically for life, but the tide is against them ; something must be done. In fact, some country churches have a constituency so heterogeneous that it becomes practically a mission field."" The Rev. Henry Fairbanks, Ph.D., has said of rural conditions, after"
church attendance,pre1950,6f47479f8ab1,"a very extensive first-hand investigation: ""The danger of relapse into barbarism in these districts is not due to immigration. Those now growing up in the mountain towns will go out to be leaders of men, and it is a fact of fearful import that the gospel is not reaching them. A majority of our people are never at church. Of those living two miles or more from church, only about one third attend church. In the rural districts of New England and New York, from which the strongest men in the cities and West are coming, more than half of the people are not only unreached but are absolutely unapproached by any direct Christian efforts."" President Hyde, of Bowdoin College, said a few years since in an article entitled ""Impending Paganism in New England"" : ""New England today is confronted with the danger that the coun- try village will be the first to lapse from vital Christianity ; . . . that rusticity will again become synonymous with godlessness and superstition."" In the summer of 1905 I found that in one New England state, in fifteen average rural towns, having a total of twenty-five churches, the average church attendance was only 13.7 per cent of the town population. Less than one seventh of the people were regularly at church ! The average church attendance in four urban towns, one of them being the state capital, was 33 per cent of the total population. These figures certainly are not encouraging. I think we are ready to grant that the country needs the churches, they being the sole means, directly or indirectly, in the moral and religious quickening and cultivation of the people. Neither will we deny that the churches themselves need to be greatly reenforced before they will be able to perform their whole mission — that of spiritualizing rural society."
church attendance,pre1950,1d6854936c19,"The Church ordains outward, visible, and audible worship*; makes it the great object of her labour to call men to the attendance on the performance of that worship as the chief duty of a rehgious life."
church attendance,pre1950,e24400ff022b,The Church is so entirely a culture of the outer life that its whole system consists of forms of worship and attendance upon ordinances and means of grace.
church attendance,pre1950,243c1e5fc6d1,"When the religion of the Church became the reli- gion of the Court of the Roman Empire, and its pro- fession became a mark of worldly distinction, the greater part of those persons who were employed in any office under the government must have been ex- cluded from any attendance on the public worship of the Church, unless there had been some days appointed in which the business of the government was suspended for that object; and, therefore, to meet this difficulty the Emperor is said to have issued two edicts, the one suspending work on the"
church attendance,pre1950,9bcb25a86473,"Mr. Charity. — When once a day was thought to be a sufficient attendance on the service of the church, the majority of the people were found in attendance upon its performance. But when they were exhorted with threats of punishment to occupy the whole of the Sunday in the same way, it became a heavy burden, and the people very naturally began to inquire, why this should be ? and this finally re- sulted in a further inquiry into the reason why they should attend the church at all."
church attendance,pre1950,1b070327d2ea,"proached the Christians with having no temples, no altars, no images, replied to him^ "" That in the highest sense God's temple and image are in the humanity of Christ, and consequently in all believers who are actuated by the Spirit of Christ."" And here we learn that in the time of Origen, two hun- dred years after the crucilSxion of the Founder of the Gospel, the disciples of Jesus had no temple for worship even in the city of Alexandria, the great centre of the Christian profession of the second and third centuries ; and there are no means of ascer- taining that the disciples of Jesus ever erected any place of worship before the middle of the third cen- tury. But soon after this an edict of Gallienus mentions Christian places of worship, though this is no proof whatever that these places were separate buildings, and it is not until the age of Diocletian that we have any absolute proof of the existence of separate buildings for Church worship, flere then we find that Christianity had existed in the Roman Empire for more than two hundred years without any distinct and separate house of assembly, or any building consecrated to public worship. During the whole of this time Gentile Christianity was entirely a household system. How then can attendance on sanctuaries, meeting-houses and places of worship be an important Christian duty, when Christianity in its primitive and purest form existed without any"
church attendance,pre1950,852a3a90f0ba,"That which the Church of Britain considers to be the sum of the religious life of the Christian may be fairly expressed by the term Faith — faith, as the gift of God, and its whole outer life by an attendance on means of grace. And it is our object now to in- quire— What benefit society can expect to derive from the system of Given Faith and of means of Grace? What has this religion of faith and of"
church attendance,pre1950,63edf5b85d27,"able. The calculation there made, based upon the various ages of the population, is, that about 17 per cent, of the whole ought to be found in Schools. It appeared, however, in 1851, that throughout the County of Middlesex only 1(H per cent, were in attendance in Schools of all kinds; accommodation being provided for about 8 per cent, by the Church of England, and for 1\ per cent, by Dissenting and other bodies. It results, therefore, that in Middlesex (and we will assume also in the whole Diocese of London) there ought to have been found in Schools of all kinds 6h per cent, more of the population, equal to about 160,000 children ; and assuming that the Church of England should only provide in future, as at present, for four-fifths of the number, it follows that room for 130,000 more children ought to be found in Church of England Schools. It is, no doubt, possible that a certain number of these children could be accommodated in existing buildings, and also that some portion of them would be educated in Private Schools ; but for the most part our Parish Schools are well filled already, and in a large number of instances quite overcrowded. It may, therefore, be fairly anticipated that it would be desirable to provide increased School accommodation for not less than 100,000 children. These calculations, though somewhat vague and possibly to some extent inaccurate, may at least serve to indicate the large demand which will probably be made on the Bishop of London's Fund for assistance in providing addi- tional School accommodation. Looking at the character of the population in many of the poorer Parishes, it appears to us that some portion at least should be supplied in the form of Bagged or Industrial Schools."
church attendance,pre1950,73a597df436d,"Dear Reader,—^To whicheyer of the following classes you belong, this tract may be to you "" a word in season,"" 1st, If you are stated in your attendance upon the sanctuary, you may by these lines be connrmed in your becoming habits; you may be planted more nrmly in the courts of the Lord's house. 2nd, If your attendance is only occasional—if a yery slight excuse is sufficient to detain you at home—you may be quickened to a higher appreciation of ordinances; you may be found standing more frequently within Jerusalem's gates. 3rd, u you are 8eldom--9im. I warranted in adding, or never—at church, it may be that this tract, by yisiting you in your dwelling, may induce you to visit the ""house of the Lord."""
church attendance,pre1950,d124dbcf4a44,"one other case in which God rewarded attendance on his ordinances with spiritual benefit. It is the case of one whose memory is blessed. Philip Henry was the son of a pious mother. She sat under the powerful ministry of Mr. Marshall, an eminent Presbyterian minister, and one of the Westminster Assembly of Divines. The mother was careful to feed her son "" beside the Shepherd's tents."" He regularly accompanied her to the house of God. Matthew Henry, in recording the circumstance, adds, "" this minister and this ministry he would to his last speak of with great respect and thankMness to God, as that by which he was, through grace, in the beginning of his days, begotten agam to a lively hope."" As the result of his own experience, he was in the habit of recommending to parents to bring their children betimes to piAlic ordinances. ""If we lay our children by the pool side, who knows but the blessed Spirit may help them in and heal them."" "" If we lack Jesus Christ,"" says the 13th Homily of the Church of England, "" we shall find him no where so soon as in the temple, the Lord's house, amongst the teachers and preachers of his Word, where indeed he is to be found."" "" The Spirit of God,"" says the Catechism of the Church of Scotland—and here there is harmony in the testimonies,—"" maketh the reading, but especially the preaching^ of the Word, an effectual means of convincing and converting sinners, and of building them up in holiness and comfort through faith unto salvation."" Reader, consider these things. If you turn away your foot from the Sanctuary, you turn away your foot from the way of salvation. How sad would it be, if, when Christ passes by, you were absent; if, when God"
church attendance,pre1950,5ad5b116a0cf,"The only inference which can be drawn from such an experience as this is, that the hindrance to church attendance exists in the man, poor or rich, more than in the church itself."
church attendance,pre1950,c19947bc49db,"The present misunderstanding of society, and the relation of the church to it, is a large element in the discussion of this important question of church attendance; and here the man is more at fault than the church."
church attendance,pre1950,6fa007cbde39,"Back of this element to rightly interpret the relation of the church to society lies the man's failure to under- best recreation and the noblest inspiration and the highest joy. Every law in the universe operates toward that end. He is his own enemy who sleeps or plays during the church hour. The law of gravity has no more power in his life than the law which declares, **Thou shalt worship the I/^rd thy God."" The welfare of his whole spiritual, intellectual, and physical being depends upon it. The non- church-goer makes here his most &tal mistake. There has been no provision made to occupy its place. It is life's greatest need. An3rthing which he allows to prevent his church attendance is the destroyer of that which is most vital to his own welfare here and hereafter."
church attendance,pre1950,79d91bdf74df,"The home is vitally related to the church. They both alike, and in relation to each other, enter into the foundations of society. The whole superstruAure rests upon them. If poor material or poor workmanship are permitted here, there must be weakness and crumbling and danger, and at last destrudlion in the btdlding. Whatever afifedls the home afFeAs the church. Home life has suffered material changes within recent years. The tendency in this age is toward the destru(9don of some of the essential features of home and home life. Our great centers of population are prai^cally homeless. Families have an existence within a few square feet of space inclosed between brick and mortar, but they do not live in homes. The methods and necessities in modem living have rendered it impossible for a large proportion of this present generation to know anything about real home life. Not only do they live in tenements and apartments and contracted dty houses, but are in a constant state of migration, and all this has much to do with the relation of the church to the people, and its abiding influence upon them. Its most powerful grip must be upon the home. There has also been a change in the religious element in home life. Most parents are guilty of negledl. The church did not occupy its proper place in the training / of their children. The emphasis was always placed upon something else in the child's heart and life. School was primary, church attendance secondary."
church attendance,pre1950,aea8a368de38,"Preparation for life was made without the chief ingredient. Ambition was nurtured and worship ignored. As the boy is, so will the man be. We are creatures of habit, and the parent is largely the maker of those habits. If the church attendance had been made as important in the boy's life as the school or the store, in all probability he would have retained his place in the church. He &ils in this supreme duty when a man, because his father and mother failed in their's when he was a boy."
church attendance,pre1950,1c4c70011504,"sion at that critical point. The home may be the ""oontinental divide'* in a boy's life. At that point the parents* influence may turn him toward the chnrch or toward the world. Their responsibility is tremendous at that deciding moment. In these days of rush and worldliness, religious teaching and even reading have been banished from most homes. Whatever is done for this part of the child's life has been relegated to the work of the Sunday-school, if it is given any attention whatever. The Sunday- school can never take the place of the home. The teacher can never be to the child what God intended the parent should be. Even the Sunday-school with all of its blessing for our world may not help church attendance, but hinder it, if it stands alone in the child's life. Our great progress in Sunday-school work and the unmistakable tendency to occupy the place"
church attendance,pre1950,972410df266e,"Modem society has also hindered church attendance, through an increasing and largely unnecessary toil on the Sabbath-day. It has closed the church doors in front of hundreds of thousands of men. Much of this evil is of recent origin."
church attendance,pre1950,11c21f620ef2,Our social order pradlically disqualifies multitudes of men for church attendance. If some workingmen had
church attendance,pre1950,e90610d5982c,"church attendance. Reverence for the day is the pathway to the house of God,"
church attendance,pre1950,96b0f1889419,Church attendance
church attendance,pre1950,5b2e72319124,Lincoln's Church Attendance
church attendance,pre1950,3fe2fb297e25,"It deals chiefly with Abraham Lincoln's church attendance, telling of his having attended the First Presbyterian Church in Springfield, 111., and later the Tenth Ave. Presbyterian Church in Washington. The Washington edifice recently was rebuilt and in connection with the project the church was presented a valuable original manuscript — the preliminary draft of the Emancipation Proclamation. . . ."
church attendance,pre1950,c508653a21e5,"Appropriate orientation is always a desirable quality for any monograph and inasmuch as this bulletin is dated December 24 one would rather anticipate some phase of the religious element in the Lincoln story would be presented. Newspapers conscious of accentuated interest in spiritual values at this Christmas period have been giving some attention to the dedication of the rebuilt Tenth Ave. Presbyterian Church at Washington. A very valuable original manuscript, the preliminary draft of the Emancipation Proclamation, has recently been pre- sented to the church. The Lincolns having made this communion their church home, while in the capital city, it seems timely to comment briefly on Abraham Lincoln's church attendance at the Presbyterian churches in both Springfield, 111. and Washington, D. C. where he rented family pews."
church attendance,post1950,46bf7e8e175c,"preliminary findings are presented to address the issue of the extent to which measQres of external locus of control, contraception use, educational achievement, and religiosity discriminate between^ black unmarried adolescent fathers and nonfathers. Forty-eight unmarried adolescent fathers and 50 unmarried adolescent nonfathers were identified by social service workers. Data were collected by an adult black male injterviewer in a face^to^face private interview. Questions 'pertained ^o the social and demographic characteristics of the subjects; their sexual knowledge, attitudes, and practices; the problems they encountered as adolescent males; and the ways they coped with their problems. Results indicate that if a black adolescent male's locus of control, contraceptive use, church attendance, and school status are known, his status as a father can be predicted. Policy implications of this research include the suggestion that unmarried black adolescent fathers should be given birth control counseling and, if other forms of counseling are warranted, atteption should be paid to issues of locus of control. Concluding remarks point out weaknesses of the study limiting its generalizability. (RH)"
church attendance,post1950,e6a9e25bb95d,"This paper presents preliminary data that-' addresses the issue o!f whether and^o what extent measures of the variables ex^ternal locus of control,, contraception use, educational achievement^ and neligiosity can be used to discriminate between 48 B*lack unmarried a d O'l e s c e n^ f a t h e r s and 50 single Black 'adolescent non-fathers. The data were'subjected to a 11 n&.ar dTscrimioant function analysis to accomplish this task/ Results indicated that if^you know a. Black adolescent male's locus of control, contraceptive use,, church attendance, and school st'atus, you can predict his status as a father. Policy implications from this research indicate that unmarried Black adolescent fatl^ers should be given b i r t con t r o 1 counseling, and if other forms of counseling are warranted, attention should be paid to issues of locus of control."
church attendance,post1950,a86755cf69b0,"pregnancies^ and church attendance, you can predict whether he i]"
church attendance,post1950,f7029bc02cb9,"children, .friends, or other people who could provide transportation, but rather in the length of time they had used informal . transportation networks. The early use of family network* significantly affected later use. in the secondjstudy,-An _ ethnographic inquiry ihto the maintenance of the social status* qf eiders \in a rural church community, members of elderly families in the church were interviewed. Resets showed that elders played . significant rdles in relationships with one another and maintained a high social j^tatus within the community. Factors which contributed to this status included shared commitmentfchurch attendance, a history of participation and leadership, and principle roleS in the church, family relations significantly contributed/to the maintenance of status'through^accumulated .social credit across the life.span and across generations. (BL) ^ i. * \"
church attendance,post1950,fb11a616a096,"relationships with orjp another and maintained a relatively high social status ranking within the community.* Four factors contributed to this status maintenance. First, there was a shared commitment by all church members to the future of the community• Second~9 the eiders1 continued Attendance'in church kept them visible to the congregation. Third, the elders had a recognized history of participation and leadership in the * community. Fourth, the elders played a principle role in the history arid traditions of the church. It is that historical role thit I would like to develop further in this paper.*"
church attendance,post1950,5c37f28e4732,"At USU, differences among the means of the various majors were not significant for the D or F Scales, nor was the difference among the majors significant for the 0 Scale means for WSC* On the F Scale at WSC, however, the mean score for education majors was found to be significantly higher than the mean for social science majors. An additional analysis compared prospective secondary teachers and non-teachers in each academic major. There were no significant differences at 0SU, but at WSC non-teaching engineers scored significantly lower than did engineers who planned to obtain teaching certificates, while English non-teachers scored significantly higher on the D Scale than their teaching counterparts* Further analysis of data involved the factors of sex, city size of childhood residency, religion, church attendance, and state ot childhood residency. The only overall significant difference found was for sex, with male students at each institution scoring higher than female students on both scales. The conclusion is that in general students entering teaching are no more closed minded than other college students. (RT)"
church attendance,post1950,6372ac167c08,"Religion, Church Attendance, and State of Childhood Residency 107"
church attendance,post1950,70d6be3fef12,Church Attendance 154
church attendance,post1950,1109d8116d59,"41 Analyses of Covariance for D and F Scale Means of 1027 USU Subjects Grouped by Religion* Church Attendance, and State 109"
church attendance,post1950,c9c1e4d3bf65,42 The D and F Scale AdJusteJ Means for 1027 Utah State University Subjects Grouped by Religion and Church Attendance 111
church attendance,post1950,dedf727c9996,Subjects Grouped by Church Attendance 112
church attendance,post1950,37520483876e,Mean Differences on the F Scale for 1027 Utah State University Subjects Grouped by Church Attendance
church attendance,post1950,6cf0637a3406,The D and F Scale Adjusted Means for 1027 Utah State University Subjects Grouped by Church Attendance and State
church attendance,post1950,46e3ca17e3ab,Mean D Scale Score Difference on Church Attendance and State of Childhood Residency for Rejected Interaction Null Hypothesis for Utah State University Subjects
church attendance,post1950,407a651dddc7,"Analyses of Covariance for D and F Scale Mean Scores of 792 Weber State College Subjects Grouped by Religion, Church Attendance, and State"
church attendance,post1950,17ed447913d4,D and F Scale Adjusted Means of 792 Weber State College Subjects Grouped by Religion and Church Attendance
church attendance,post1950,f78a6686355f,Mean D Scale Differences for 792 Weber State College Subjects Grouped by Church Attendance
church attendance,post1950,256cffb221db,3 Percentage of Church Attendance of Subjects at USU and WSC
church attendance,post1950,be4fc75f63a6,10 Religion by Church Attendance Interactions for the adjusted
church attendance,post1950,524b46c7d3b1,11 Religion by Church Attendance InteractJons for the Adjusted Mean F Scale Scores for 1027 Utah State University Subjects
church attendance,post1950,186d2f0aaf4e,"LDS, Protestants by Church Attendance (once per week"
church attendance,post1950,a674ec60e7e0,13 Church Attendance by State of Childhood Residency for the
church attendance,post1950,85e502f12551,14 Keans for Rejected Interaction Hull Hypothesis for Mean D Scale difference of Church Attendance (least once per week and lees than once per month) b> Utah and Surrounding States for Utah State University Subjects (Data Taken from Table 49) 120
church attendance,post1950,36270d80965a,15 Means for Rejected Interaction Null Hypothesis for Mean D Scale Score differences of Church Attendance (least once per week and less than once per month) by Utah and Surrounding States for Utah State University Subjects (Data Taken from Table 50)
church attendance,post1950,b7f8f4a942e8,16 Religion by Church Attendance for the Adjusted Mean D Scale Scores for 792 Weber State College Subjects (Data Tak 'n from Table 53)
prayer,pre1950,6e1b52b51975,"Hence also it is, that natural men are with difficulty persuaded to be constant in the duty of secret prayer. They would not be so averse to spending a quarter of an hour, night and morning, in some bodily labour ; but it is because the) are averse to work, wherein they have so immediately to do with God ; and they naturally love to keep at a distance from him."
prayer,pre1950,0593320ac223,"deal of pains to do it in a decent manner. It seems to them that they show God a great deal of respect : they ,iise many very respectful terms in their prayer: they are respectful in their manner of speaking, their voice, gestures, and the like. — But to this I answer, That all this is done in mere hypocrisy. All this seeming respect is feigned, there is no sincerity in it : there is external respect, but none in the heart : there is a show, and nothing else. You only cover your enmity with a painted veil. You put on the disguise of a friend, but in your heart you are a mortal enemy. There is external honour, but inward con- tempt ; there is a show of friendship and regard, but inward hatred. You do but deceive yourself with your show of re- spect ; and endeavour to deceive God : not considering that God looks not on the outward appearance, but on the heart. — Here consider particularly,"
prayer,pre1950,c010e4c32b74,"Some may perhaps object against this doctrine of their being God's enemies, the religious affections they have sometimes ex- perienced. They may be ready to say, That when they have come before God in prayer, they have not only used respectful terms and gestures, but they have prayed with affection ; their prayers have been attended with tears, which they are ready to think showed something in the heart. — But to this it is answered, that these affections have risen from other causes, and not from any true respect to God."
prayer,pre1950,670202269fc7,"Certainly then, it will not become us to be bitter in our spirits against those that are enemies to us, and have injured and ill treated us ; and though they have yet an ill spirit towards us. Seeing we depend so much on God's forgiving us, though enemies, we should exercise a spirit of forgiveness towards our enemies. And therefore our Saviour inserted it in that prayer, which he dictated as a general directory to all ; "" Forgive us our debts, as we forgive our debtors,"" to enforce the duty upon us, and to show us how reasonable it is. And we ought to love them even while enemies ; for so we hope God hath done to us. We should be the children of our Father, who is kind to the unthankful and evil, Luke vi. 35."
prayer,pre1950,303cc4c97411,"holiness — dignity — power — wisdom ; infinitely dear to God — of infinite love and mercy ; and one that may act of his own abso- lute right. But no creature, how excellent soever, has any one ofthese qualifications. — There are three uncreated persons, the Father, Son and Holy Ghost; and Christ alone ofthese w^as a suitable person for a Redeemer. It was not meet, that the Re- deemer should be God the Father; because he, in the divine economy of the persons of the Trinity, was the person that holds the rights of the Godhead, and so was the person offended, whose justice required satisfaction, and was to be appeased by a medi- ator. It was not meet it should be the Holy Ghost, for in being mediator between the Father and the saints, he is in some sense so between the F'ather and the Spirit. The saints, in ail their spiritual transactions with God, act by the Spirit: or rather, it is the spirit of God, that acts in them. They are the temples of the Holy Ghost. The hoi)' Spirit dwelling in them, is their principle of action, in all their transactions with God. But in these their spiritual transactions with God, they act by a medi- ator. These spiritual and holy exercises cannot be acceptable, or avail any thing with God, as from a fallen creature, but by a mediator. Therefore Christ in being mediator between the Fa- ther and the saints, may be said to be mediator between the Fa- ther and the holy Spirit, that acts in the saints. And therefore it was meet, that the mediator should not be either the Father or the Spirit, buta middle person between them both. It is the Spirit in the saints, that seeks the blessing of God, by faith and prayer ; and, as the apostle says, with groanings that cannot be uttered, Rom. viii. 26. Likewise the spirit also helpeth our infir- mities :for we know not what toe shordd pray for as zve ought: but the Spirit itself maketh intercession for us, with groanings that cannot be uttered. The Spirit in the saints seeks divine bless- ings of God, by and through a mediator; and therefore that me- diator must not be the Spirit, but another person."
prayer,pre1950,0426f68297b5,"6. Seeing we are to pray we may not be led into temptation : certainly we ought not to run ourselves into it. — This is one request that Christ directs us to make to God in that form of prayer, which he taught his disciples — "" Lead us not into temp- tation."" And how inconsistent shall we be with ourselves if we pray to God, that we should not be led into temptations; and at the same time, we are not careful to avoid tempta- tion ; but bring ourselves into it, by doing those things that lead and expose to sin. What self-contradiction is it for a man to pray to God that he may be kept from that which he takes no care to avoid? By praying that we may be kept from"
prayer,pre1950,ac39fa8e78ca,"4. Another way by which persons may determine of some things that they lead and expose to sin, is by their own experi- ence, or what they have found in themselves. — This surely is enough to convince them, that such things actually lead and expose to sin : for what will convince men, if their own experi- ence will not ? Thus if men have found by undeniable experi- ence, that any practice or custom stirs up lust in them, and has betrayed them into foolish and sinful behaviour, or sinful thoughts ; they may determine that they lead to sin. If they, upon examining themselves, must own that a custom or prac- tice, has disposed them to the omission of known duty, such as secret or family prayer, and has indisposed them to reading and religious meditation — or if they find, since they have com- plied with such a custom, they are less watchful of their hearts."
prayer,pre1950,fe90ef5528aa,"Now, I appeal to those who have made pretences to serious religion and saving piety. You have formerly pretended to keep up religion in your closets, and in your own souls ; now, seriously ask yourselves, whether or no you have not found, that this practice has indisposed you to serious religion, and taken off your minds from it ? Has it not tended to your ne- glect of secret prayer ? And, if you have not wholly neglected it, have you not found, that you have been abundantly more ready to turn it off in any manner, and glad to have done with it? More backward to reading and serious meditation, and such things ? And, that your mind has been exceedingly diverted from religion, and that for some time ? I do not send you far off to find out whether this custom be not of bad ten- dency— not beyond the sea, but your own breast ; there let the matter be determined."
prayer,pre1950,5ede5dab0693,"And here, again, I would send persons to their own expe- rience. How did this practice come in with you in particular : you, that two or three years ago, seemed to be so engaged in religion ? Did it not come in, did you not begin to practise it, as the sense of religion wore off? And what is the matter 1 Why did you not set up the practice then, when your heart was taken up about reading, meditation, and secret prayer to God ? If this do not all stand in the way of them, and is no hindrance to them, why was you not engaged in both together ? What account can you give of it ? Why did you leave off this practice and custom, or abstain from it ? To what purpose is this changing ? One while it must be avoided as evil, and, another while practised and pleaded for as good ? The making such an alteration, does not look well, nor will it be for the honour of religion, in the eye of the world. For, whether the practice be lawful or not, yet such a thing will surely be im- proved to our disadvantage. For your avoiding it, then, has this appearance, in the eye of the country, that then you con- demned it : and, therefore, your now returning to it, will appear to them as backsliding in you. Such changelings are ever- more, in the eye of the world, greatly to the dishonour of their profession, let it be what it will."
prayer,pre1950,70802c37951d,"Indeed, this custom, as it is practised, does not only tend to sin, but is, in itself, very disorderly, sinful^ and shameful. For it is attended late in the night, and in the dead of the night, to the neglect of family prayer, and violating all family order ; which is disorder and profaneness. Is it lawful to rob God of his ordinary sacrifices, for the sake of your pleasure, diver- sion, and jollity ? Are you of that mind, that it is a decent thing, that the stated worship of the great God, should give way to your mirth, and your diversions ? Is this the way of God's holy children ? Those works that are commonly done in the dead of night, seem to have a black mark set upon them by the apostle, and Christians are exhorted to avoid them, Rom. xiii. 12, 13. "" Let us cast off' the works of dark- ness, and let us put on the armour of light. Let us walk honestly- as in the day : not in rioting and drunkenness : not"
prayer,pre1950,bb8035f28604,"§ 9. Conversation between God and mankind in this world, is maintained by God's word on his part, and by prayer on ours. By the former, he speaks and expresses his mind to us ; by the latter, we speak and express our minds to him. Sincere friendship towards God, in all who believe him to be properly an intelligent, willing being, does most apparently, directly and strongly, incline to prayer ; and it no less disposes the heart strongly to desire to have our infinitely glorious and gracious Friend expressing his mind to us by his word, that we may know it. The same light which has directed the nations of the world in general to prayer, has directed them to suppose, that God, or the gods, have revealed themselves to men. And we sec, that the same infidelity that disposes men to deny any divine revelation, disposes them to reject as absurd the duty of prayer."
prayer,pre1950,400f3c08d551,"§ 15. If we suppose that God never speaks to, or converses at all with mankind, and has never, from the beginning of the world, said any thing to them, but has perfectly let them alone, as to any voluntary, immediate, and direct signification of his mind to them, in any respect teaching, commanding, promising, threatening, counselling or answering them ; such a notion if established, would tend exceedingly to atheism. It would na- turally tend to the supposition, that there is no Being that made and governs the world. And if it should nevertheless be supposed, that there is some Being who is, in some respect, the original of all other beings ; yet this notion would naturally lead to doubt of his being properly an intelligent, volitive Being ; and to doubt of all duties to him implying intercourse, such as prayer, praise, or any address to him, external or inter- nal, or any respect to him at all analogous to that which we exercise towards rulers or friends, or any intelligent beings we here see and know ; and so it would tend to overthrow every doctrine and duty of natural religion. Now, in this respect, deism has a tendency to a vastly greater degree of error and brutishness, with regard to matters of religion and morality, than the ancient heathenism. For the heathens in general had no such notion, that the Deity never at all conversed with man- kind in the ways above-mentioned ; but received many tra- ditions, rules, and laws, as supposing they came from God, or the gods, by revelation."
prayer,pre1950,ae6a428c2f84,"§ 10. To reject every thing but what we can first see to be agreeable to our reason, tends, by degrees, to bring every thing relating not only to revealed religion, but even to natural reli- gion, into doubt ; to make all its doctrines appear with dim evidence, like a shadow, or the ideas of a dream, till they are all neglected as worthy of no regard. It tends to make men doubt of the several attributes of God, and so, in every respect, to doubt what kind of being God is ; and to make men doubt about the forgiveness of sin, and about the duties of religion, prayer, and giving thanks, social worship, &,c. It will tend, at last, to make men esteem the science of relisrion as of no value."
prayer,pre1950,5d874260c9bf,"entirely different things ; one, election to a common faith of Christianity ; another, a conditional election to salvation. But every one must be sensible of the unreasonableness of such shifting and varying, and turning into all shapes, to evade the force of scripture. It is evident the apostle in Rom. ix. has not only respect to God's sovereignty in the election and pre- terition of nations ; because he illustrates his meaning by the instance of a particular person, viz. Pharac^h. The exercise of the sovereignty that he speaks of, appears by the express words of the apostle about vessels of mercy, and vessels of wrath : vessels of honour, and vessels of dishonour. But the vessels of mercy, he speaks of as prepared to glory. They, it is plain, are those that shall be saved ; and the vessels of wrath are those that perish. He speaks of those that shall be saved, ver. 27. "" A remnant shall be saved."" What is there that God doth decree, according to the scheme of the Arminians, so as to make it in any measure consistent with itself? He does not decree any of the great events of tlie world of mankind, (which are the principal events, and those to which all others are subordinated,) because these depend on men's free will. And if God does not decree and order those events beforehand, then what becomes of the providence of God ? and what room is there for prayer, if there be no providence ? Prayer is shut out this way also. According to them, we cannot reason- ably pray for the accomplishment of (hings that are already fixed, b^'fore our prayers : for then our prayers alter nothing, and what, say they, signifies it for us to pray ?"
prayer,pre1950,33bac45c1e88,"§ 44. The apostle thanks God for his own prayers^ and for those of others; '2 Tim. i. 3. If they were from God, then, doubtless, also, our prayers for ourselves, our very prayers for the Spirit, are from him. The prophet ascribes persons' prayers to their having the spirit of grace and supplication. True acceptable prayer is spoken of, Rom. viii., as being the language of the Spirit; not that I suppose the very words are indited, but the disposition is given. 2 Tim. i. 7. "" God hath not given us the spirit of fear, but of power and of love, and of a sound mind."" Philem. iii. 4. "" I thank my God, making mention of thee always in my prayers, hearing of thy love and faith, which thou hast toward the Lord Jesus Christ, and to- ward all saints."" Heb. xiii. 20, 21. Now the God of peace, who brought again from the dead our Lord Jesus, that great shepherd of the sheep, through the blood of the everlasting- covenant, make you perfect in every good work, and to do his will, working in you that which is well pleasing in his sight, through Jesus Christ, to whom be glory for ever and ever, Amen."" Jam. i. 16 — 18. "" Do not err, my beloved brethren: Every good gift, and every perfect gift, is from above, and Cometh down from the Father of lights, with whom is no va- riableness nor shadow of turning. Of his own will begat he us by the word of truth, that we should be a kind of first-fruits of his creatures."" The scope of the apostle, and the connex- ion of his discourse, plainly shows, that the apostle means to assert, that all moral good is from God. In the preceding verses, he was warning those he wrote to, not to lay their sins, or pride, or lusts, to the charge of God; and, on that occasion, he would have them be sensible, that every good gift is from God, and no evil ; that God is the Father of light, and only of light; and that no darkness is from him, because there is no darkness in him ; no change from light to darkness ; no, not"
prayer,pre1950,89f6ce060dea,"§ 52. Stebbing supposes the assistance God gives, or the operation of the Spirit in order to faith, is to give a good and lionest heart, prepared to receive and well improve the word -, as particularly, meekness, humility, teachableness, &c. And supposes that these effects of the Spirit are to be obtained by prayer ; but yet allows, that the prayer must be acceptably made, (page 106.) which supposes that some degree of virtue must be exercised in prayer. And it may be presumed that they will allow, that there are multitudes of men, who at present are so wicked, so destitute of virtue, that they have not virtue enough for acceptable prayer to God. They have not now so much respect to God or their own souls, as to incline them to pray at all. Now, I would inquire, how these men shall come by virtue, in order to acceptably praying to God ? Or how is it within their reach by virtue of God's promises? Or how can they come by it, save by God's sovereign arbitrary grace ? Shall they pray to God for it, and so obtain it ? But this is contrary to the supposition. For it is supposed, that they now have not virtue enough to pray acceptably, and this is the very thing inquired, how they come by the virtue neces- sary in order to their making acceptable prayer ? Or shall they work the virtue in themselves wholly without God's assistance ? But this is contrary to what they pretend, viz, that all! virtue is from God, or by the grace and assistance of God, which they allow to be evident by that scripture, "" without me ye can do nothing."" Or, is God obliged to give it, or to assist them to obtain it, without their praying for it, or having virtue enough to ask it of him ? That they do not pretend. For they suppose the condition of our obtaining the heavenly Spirit is our seeking, asking, &-c. ; and besides, if God gives it without their first seeking it, that will make God the first de- termining efficient, yea, the mere and sole author of it, with- out their doing any thing toward it, without their so much as seeking or asking for it : which would be entirely to overthrow"
prayer,pre1950,2427b761551e,"§ 53. If they reply, they must in the first place consider : they are capable of consideration ; and if they would consider as they ought and may, they would doubtless pray to God, and ask his help ; and every man naturally has some virtue in him, which proper consideration would put into exercise so far as to cause him to pray in some measure acceptably, without any new gift from God : — I answer, this is inconsistent with many of their principles. It is so, that men should naturally have some virtue in them. For what is natural is necessary : is not from themselves and their own endeavours and free acts ; but prevents them all, and therefore cannot be their virtue. If they say, consideration will not stir up any virtue that is naturally in them, to cause them to pray virtuously ; but God has obliged himself to give virtue enough to enable them to pray and seek acceptably, if they will consider : I answer, this is more than they pretend. If they say, serious conside- ration itself is some degree of seeking their own good, and there is an implicit prayer in it to the supreme Being to guide them into the way to their happiness : I answer, if it be suppo- sed that there is an implicit prayer in their consideration, still they allow that prayer must be in some measure acceptable prayer, in order to its being entitled to an answer; and conse- quently must have some degree of virtuous respect to God, &c. ; and if so, then the same question returns with all the afore- mentioned difficulties over again, tiz. How came the profane, thoughtless, vain, inconsiderate person by this new virtue, this new respect to God, that he ever exercises in this serious con- sideration and implicit prayer ?"
prayer,pre1950,05e022915cf2,"If they say, there is no necessity of supposing any implicit prayer in the first consideration ; and yet, if the wicked, pro- fane, careless person, makes a good improvement of what grace he has, in proper consideration, or otherwise, God has obliged himself to give him more, in that general promise, "" to him that hath shall be given, and he shall have more abundance :"" Then I answer, here is new virtue in his making a good improvement of what common assistance he has, which before he neglected, and made no good improvement of. This is contrary to what they pretend. Or is God obliged to give new assistance in order to this new virtue by any promise ? If he be, what is the condition of the promise ? It is absurd to say, making a good improvement of what assistance they have ; for that is the thing we are inquring after, viz. How comes he by that new virtue, making a good improvement of what he has, when before he had not virtue enough to make such an"
prayer,pre1950,08cdca367a03,"§ 18. The perseverance of faith is necessary to a congruity to salvation. For it is implied in several places of scripture, that if true believers should fail in persevering in faith they would be in a lost state ; John xviii. 8, 9. "" Jesus answered, I have told you that I am he. If, therefore, ye seek me, let these go their way : That the saying might be fulfilled which he spake, Of them which thou gavest me, have I lost none :"" ?. e. Christ took care that they might go away, that they might not be in the way of such temptations as would be in danoer of overthrowing them, so that they should not persevere. And it is implied, that if they were overthrown, and should not persevere, Christ would have lost them ; the saving relation that they stood in to Christ would have been dissolved. The same seems fully implied in Christ's prayer in the 17th chapter of John. Thus, he makes use not only of their having receiv- ed God's word, and believed that God had sent him, but their having kept his word, as a good plea for their title to that favour and acceptance of the Father, which he asks of the Father for them ; as ver. 6, 7, 8, &c. — The same is implied in the 11th verse : "" Holy Father, keep through thine own name- those whom thou hast given me, that they may be one, as we are."" This implies that their being one, or their standing in a savinar VolA^U, 03 ^ fe"
prayer,pre1950,e2c190c9c07a,"relation to him, and in union with his mystical body, depends on the perseverance of their faith, even that union on which a title to all spiritual and saving benefits depends, which is more fully spoken of in the 21st and following verses. This perse- verance of believers seems to be the benefit which is the prin- cipal subject of this whole praver. And in Luke xxii. 31, 32. it is implied, that if Peter's faith had failed, Satan would have had him : "" And the Lord said, Simon, Simon, Satan hath desired to have you, that he may sift you as wheat ; but I have prayed for thee, that thy faith fail not."" 1 Pet. i. 5. "" Who are kept by the power of God, through faith unto salvation."" Where it seems implied, that if they were not kept through faith, or if their faith did not persevere, they never would come to salvation. So, believers being overthrown in their faith, or their not knowing Christ's voice and following him, is called a being plucked out of Christ's hand ; and it is implied, that the consequence would be their perishing. It also seems to be implied, that their possession of eternal life by Christ's gift depends on their perseverance; John x. 27, 28. ""My sheep hear my voice, and I know them, and they follow me : and I will give unto them eternal life, and they shall never perish, neither shall any pluck them out of mine hand."" And m the 15th chapter of John, believers persevering in faith in Christ, or their abiding in him, is spoken of as necessary to the continuance of the saving union and relation that is be- tween Christ and believers, and Christ's abiding in them ; as ver. 4, 5. "" Abide in me, and I in you, — 1 am the vine, ye are the branches. He that abideth in me, and I in him, the same bringeth forth much fruit."" And in the 6th verse, it is spoken of the necessary consequence of their not abiding in Christ, if that were possible ; that the union should be utterly broken between Christ and them, and that damnation should be the consequence. •' If a man abide not in me, he is cast forth as a branch, and is withered, and men gather them and cast them into the fire, and they are burned."" And in the 7th verse this perseverance of faith is spoken of as the necessary means of the success of faith as expressed in prayer, which is faith's voice, necessary to obtain those good things which faith and prayer seek. "" If ye abide in me, and my words abide in you, ye shall ask what ye will, and it shall be done unto you."" And in the 9th and 10th verses, it is implied that Christ's ac- ceptance of us, and favour to us as his, depends on our perse- verance : "" As the Father hath loved me, so have I loved you. Continue ye in my love. If ye keep my commandments, ye shall abide in my love, even as I have kept my Father's com- mandments, and abide in his love."" So, the same perseve- rance is spoken of as necessary to our continuing in the favour and grace of God. ""Now. when the congregation was bi'oken"
prayer,pre1950,03a7cde7d29a,"Position I. What it is proper for us to seek by earnest and importunate prayer, it is proper for us to use means, labour and care, for that end. The reason is plain : prayer is one kind of seeking the thing ; it is using means, and one way of labour- ing for it, taking care to obtain it, and pursuing after it. There are many instances of prayer, and commands to pray for things promised. Christ on earth prayed for things promised : and he continually intercedes in heaven for things promised."
prayer,pre1950,4bf638b965be,"§ '21. Faith is that inward sense and act, of which prayer is the expression ; as is evident. — 1. Because in the same man- ner as the freedom of grace, according to the gospel covenant, is often set forth by this, that he that believes, receives ; so it also oftentimes is by this, that he that asks, or prays, or calls upon God, receives ; Matt. vii. 7 — 10 ; Luke xi. 9. "" Ask, and it shall be given you ; seek, and ye shall find ; knock, and it shall be opened unto you. For every one that asketh, receiv- eth ; and he that seeketh, findeth ; and to him that knocketh, it shall be opened. Or what man is there of you, whom, if his"
prayer,pre1950,97ed5487c25f,"son ask bread, will he give him a stone? Or, if he ask a fish, will he give hiin a serpent? How niiich more shall your Fa- ther which is in heaven, give the holy Spirit to them that ask him?"" Matt. xxi. 21, 22. ""Jesus answered and said unto them, Verily I say unto you, if ye have fait/i, and doubt not, ye shall not only do tiiis which is done to tlie fig-tree ; but also, if ye shall say unto this mountain, bo thou removed, and be thou cast into the sea : it shall be done : and all things whatso- ever ye shall ask in prayer^ believing; ye shall receive."" Joel ii. 32. The prophet speaking there of gospel times, says, ""And it. shall come to pass, that whosoever shall call on the name of the Lord shall be delivered ; for in mount Zion and in Jerusalem stiall be deliverance, as the Lord hath said, and in the remnant whom the Lord shall call."" Rom. x. 12, 13, ""For there is no difference between the Jew and the Greek; for the same Lord over all, is rich unto all that call upon him. For whosoever shall call on the name of the Lord shall be sav- ed ;"" quoting the forementioned place in Joel. The same ex- pressions that are used in scripture for faith, may be well used for prayer also ; such as coming to God or Christ, and looking to him. Eph. iii. 12. "" In whom we have boldness and access with confidence by the faith of him."" Prayer is often plainly spoken of as the expression of faith. As it very certainly is in Rom. X. 11 — 14. "" For the scripture saith, whosoever believeth on him, shall not be ashamed. For there is no difference be- tween the Jew and the Greek : for the same Lord over all, is rich unto all that call upon him / for whosoever shall call on the name of the Lord shall be saved. How then shall they call on him in whom they have not believed .''"" Christian pray- er is called the prayer oi faith, James v. 15. And believing is often mentioned as the life and soul of true prayer, as in the forementioned place. Matt. xxi. 21,22. Heb. x. 19, 22. "" Draw near in full assurance of faith."" James i. 5. G. "" If any of you lack wisdom, let him ask it of God, that giveth to all men li- berally, and upbraideth not ; and it shall be given him. iJut let him ask m faith nothing wavering,"" — Faith in God, is ex- pressed in j7raying to God. Faith in the Lord Jesus Christ, is expressed in praying to Christ, and praying in the name of Christ ; John xiv. 13, 14. And the promises are made to ask- ing in Christ's name, in the same manner as they are to be- lieving in Christ. John xiv. 13, 14. "" And whatsoever ye shall ask in my name, that will f do, that the Father may be glori- fied in the Son. If ye shall ask any thing in my name, I will do it."" Chap. xvi. 23, 24. "" Verily I say unto you, Whatso- ever ye shall ask the Father in my name, he will give it you. Hitherto you have asked nothing in my name ; ask, and re- ceive, that your joy may be full."""
prayer,pre1950,42f5675ccc1a,"§ ^3. Faith is not all kind of assent to the word of God as true and divine. For so the Jews in Christ's time assented to the book of Moses, and therefore Christ tells them, that they trusted in Moses ; John v. 25. "" There is one that ac- cuseth you, even Moses in whom ye trust."" Yet the very thing that Moses accuses them for, was not believing in him, /'. e. believing so as to yield to his sayings, and comply with him, or obey him, as the phrase in the New Testament is con- cerning Christ. And therefore Christ says in the next verse, "" For had ye believed Moses, ye would have believed me : for he wrote of me."" There may be a strong belief of divine things in the understanding, and yet no saving faith ; as is ma- nifest by 1 Cor. xiii. 3. "" Though 1 have all faith, so that I could remove mountains, and have no charity, 1 am nothing.*"" Not only trusting in Christ, as one that has undertaken to save us and as believing that he is our Saviour, is faith ; but npphj- in""- to him, or seeking to him, that he would become our Sa- viour, with a sense of his reality and goodness as a Saviour, is faith ; as is evident by Rom. xv. 12. "" In him shall the Gen- tiles trust."" Compared with the place whence it is cited, Isa. xi. 10. "" To it shall the Gentiles seek ;"" together with Psalm ix. 10, '•' And they that know thy name, will put their trust in thee : for thou. Lord, hast not forsaken them that seek thee."" Which agrees well with faith's being called a looking to Christ, or corning to him for life, a fining for refuge to him, or flying to him for safety. And this is the first act of saving faith. And prayer being the expression of faith, confirms this. This is further confirmed by Isaiah xxxi. 2. "" Wo to them that so"
prayer,pre1950,0276384c5430,"In tracing the literary course of this distinguished personage, from her first production, the "" Search after Happiness,"" to her last, the "" Spirit of Prayer,"" embracing a period of nearly half a century, it is impossible not to be impressed with that spirit of benevolence which pervades the whole."
prayer,post1950,70a344ae1d69,"Due to increasing attacks on school curriculum and policies, administrators must understand the law associated with education and religion. Guided by this knowledge, school leaders can foster an educational environment while simultaneously protecting individual expression. If a lawsuit occurs, an administrator can best protect both the school and student plaintiffs by knowing educational law and constitutional rights, appreciating individual perspectives, recording all incidents of dispute, determining insurance policy coverage, cooperating with the media, learning from the experience, and maintaining great concern for plaintiffs. The Lemon Test and the Cherry Hill decision will guide educators in implementIn:; curricula consistent with the First Amendment. Individual religious expression is protected by the U.S. Constitution and by the 1993 Religious Freedom Restoration Act. The 1984 Equal Access Act allows secondary school students to hold religious club meetings during noninstructional times on public school grounds. According to 1996 White House guidelines, individual students can pray and read a religious text alone; students can wear (nondisruptive) religious symbols; teachers can educate about religion and its role in art, philosophy, and music; officials cannot organize prayer sessions during school hours; and schools cannot allow prayers at graduation ceremonies. Included are 22 references. (MLH)"
prayer,post1950,04fbe44eb776,• Officials of the school can’t organize prayer sessions during the hours a school is in session.
prayer,post1950,9d7a18d724b6,The Theurgy of Prayer in the Lurianic Kabbalah
prayer,post1950,bf53f1451297,“ 26 Towards a theory of instruction in the performance of the Lurianic Kawanot of Prayer - pp. 127-129
prayer,post1950,4d90ac7336f1,"Chapter 4. The Lurianic Theurgy of the Kawanot of Prayer, as Reflected in the Relationships between the Divine Countenances [a table of contents for longer notes follows ds 14, pp. 6-7]"
prayer,post1950,153314c99f29,2h. 1 The Weekday Afternoon Prayer;
prayer,post1950,45c7dc63917d,2h.2 The Weekday Evening Prayer
prayer,post1950,2624b4e60da7,4c. Six Instances where the ‘Ayn-Sof is directly invoked in the daily Morning Prayer:
prayer,post1950,51d2a0711ce6,13f.2 The two recitations of Qriy’at Shma in the Morning Prayer
prayer,post1950,5c944ee16c2d,13f.3 Kavvanot Qriy’at Shma of the Evening Prayer
prayer,post1950,c17f99d00c06,14. A Six-part Note [# 383] on The Kavvanot of the Weekday Morning Amydah Prayer p. 274
prayer,post1950,646677020eda,"27 [of DS 2c] Lurianic sources on varieties of Near-Homology between Zeyr ‘Anpyn and Humanity 70 [of DS 2h.l] Eschatalogical questions, and continuation of the discussion in note 79 of Chapter 1 72 [ofDS 2h.2] Resolving contradictions regarding the Evening Back-to-Back Zivvug - pp. 155-156 110 [of DS 4c] On the theurgy of Prayer in pre-Zoharic Kabbalah, and on the role of the ‘Ayn-Sof therein - pp. 165-169"
prayer,post1950,f479e1b9b1a1,"L See R. M. Poppers OZ page 7, where he presumes that the AR’T revealed prophetic truths about Divine matters, arising from his mystical experience, and that he departed this life prematurely, leaving only the “unripened fruit” of - albeit - “the glow of our beauty”; i.e. the vast writings of RH”V, wherein apparent contradiction abounds. Regarding RH”V’s awareness of these difficulties, see his comment quoted below, near note 74 of Chapter 1. And see note N below. And see also the discussion by R.M. Poppers of the interpretive question regarding the literal versus the metaphoric meaning of the Zymzum in ibid. pp. 28-29, which he concludes - inconclusively - with the prayer: “And may God place wisdom in our hearts, for [Psalm 74:9] ‘among us there is none who knows the full extent’ [of the meaning of the Lurianic revelations].”"
prayer,post1950,eaa230143726,"In the course of the first chapter I document the internal inconsistencies in Scholem’s characterization of the Infinite [‘Ayn Sof] as the Deus Absconditus, and begin to provide evidence for an alternative reading of the sources. And as this is such a serious error, that in my estimation had profound ramifications in closing off subsequent research into Lurianic theurgy, in my fourth chapter, where the bulk of my ‘thick description’ of the Lurianic Kabbalah is found, I have a thirty-five page subchapter [DS 4] where I analyze in detail, the invocations of the ‘Ayn Sof in the various sections of the weekday Morning-Prayer Kavvanot [theurgic invocations]. Likewise, in that subchapter, I situate the relevance of the ‘Ayn Sof in the various contexts of the"
prayer,post1950,d4de798e9f0b,"In examining Tishby’s contribution, I look into his portrayals of what he described as efforts on the part of RH”V to obfuscate what he thought to be the esoteric doctrines of the ‘ AR”I, in areas such as: the reasons of the Zimiunv, the role of the Reshymu [the ‘residue’ of the earlier Infinite Divine Presence]; the nature of the Shevyrak, and the role of theurgy. In these, I suggest inter-textual readings of the sources so that they serve to complement each other, rather than to obscure each other by contradiction. My extended textual arguments for such readings are in the second chapter, which serves to examine the so-called prooftexts used by Scholem and Tishby for the cathartic theory of the Shevyrak I then characterize a discovery by Tishby as to the differences between R.M. Cordovero and the ‘AR”I regarding the ontological placement of the Heykhalot of the Zohar. There, I point out its significance in the theurgy of prayer, and expand on this, in DS 4 and 13."
prayer,post1950,47a63b66aede,"Upon listing and schematically describing the Parzufym [Divine Countenances] in descending order, I begin with a methodological overview, where I set the philological- critical parameters of the “thick-description” undertaken in this chapter. Then I provide a terminological preface, where I lay out the chief symbolic correspondences of the Divine Names, as they are used in Lurianic Kabbalah. Following this, and after the section described above, DS 2 discusses the ‘near-homology’ of the human realm and the [trans-]finite relative manifestations of the Divine, In DS 3 I enter into a bibliographical discussion, with the attempt to determine the earliest recensions of the Lurianic Corpus, so as to be enabled to demonstrate both inner continuity and inner change in these writings. Next, [DS 4] I discuss the place of the Infinite in Lurianic theurgy, and the processional ascent and descent of prayer; and in the process, provide detailed descriptions of the Kavvanot of Benedictions, the deep hermeneutical structures of Yihudym, and the basic forms and functions of theurgic Zivvug [Divine sustenance and creative coupling]. In addition, I provide a brief exposition of the requisite background to Lurianic theurgy, as reflected in the researches of scholars on the Kavvanot of Prayer in early Kabbalah. At the conclusion of this DS, I provide as the first appendix: an annotated text translation and commentary, on the Lurianic contemplative practice for embodying the Divine Image within the Human Being."
prayer,post1950,088a454aab43,"in the four-fold Daily Cycle of the Kavvanot Qriy ’at Shma Prayer, that functions to provide the requisite consciousness for the Zivvug of the two lower Parzufym, taking place in the Amydah prayer. There, i discuss the parameters of Zivvug that occur in Qriy’at Shma and in the Amydah Prayer. In these two DSs the multi valence of the Lurianic theurgic symbol, is demonstrated."
prayer,post1950,3d4034f0dd80,"Lurianic Kabbalah has seen numerous interpreters of the significance of its theosophical doctrines. However, up to this point there has been no full-length study of the practical side of the Lurianic Kabbalah. This aspect of Lurianic Kabbalah is expressed through its system of 'intentions’ or Kawanot, to be contemplated in the course of daily prayer and during other ritual performances, as well as in the performance of the commonplace activities during the course of the day of the practitioner of Lurianic Kabbalah. The absence of any full-length study of this field is the case, notwithstanding the fact that it has long been recognized - since the earliest period of Jewish historiography by writers such as H. Graetz1 - that the practical side of Lurianic Kabbalah was at least as important as its expositions of theoretical ideas.2"
prayer,post1950,c6d075f861eb,"to seriously grapple with Lurianic theurgy; and see Moshe Idel, Messianic Mystics. Appendix 2. However, I regard these studies as incomplete, because they did not take into account the most significant Kabbalistic matter with regard to the Midnight period: the return of the entire creation to its primordial state; the transformation of the Shekhynah to a state of ‘virginity’ and Her subsequent transformation into a ‘vessel’ for impregnation in the next mornings' prayer. These topics shall be discussed below in Chapter 4 outlining the central aspects of the cycle of the day in the theurgic practice of Lurianic Kavvanot. Regarding antecedents to the specifically Lurianic theory of theurgy see below, note 55 of section E, for bibliographical information concerning the important pioneering researches by Moshe Idel on the early fourteenth century Kabbalist R. David ben Yehudah he-Hasid as a forerunner of many of the Kabbalistic ideas previously thought to have originated in Lurianic Kabbalah. Notwithstanding this fact however, it should be noted that the Lurianic innovations often consist in the provision of the great detail, including detailed practices; with reference to the many Kabbalistic ideas whose origins preceded the Lurianic Kabbalah, and the self-consistent and self-referential transformations of these theoretical ideas into a ’workable' theurgic system."
prayer,post1950,791ba67d5b4c,"32 Ibid. p. 271. It is a tremendous misconstrual to assert that there is no role for the ‘Ayn-Sof in Lurianic religiosity, which bespeaks Scholem’s not being sufficiently familiar with the ‘theory-of-practice’ sections of the Lurianic theurgical writings which are examined below in Chapter 4. There it is stated that no complete theurgic union can take place unless it incorporates all emanated levels up to and including the non-emanated *Ayn-Sof. This will taken this up below, in n. 112; and see below, near n. 140, and see note 141 and chapter 4 and DS 4. As will be explicated at length there with reference to the daily theurgic cycle, in each distinct part of the daily Morning Prayer there is direct contemplative reference made to incorporation into the ‘Ayn-Sof. See for instance, in ShaKav the Drush of the Morning Prayer, fol. 12d where such a Kawanah is elaborated; and see DS 4 where this and the other invocations of the Ayn-Sof are located in all of the extant Lurianic Prayerbooks"
prayer,post1950,faa5b9dbc80a,"With regard to R. David ben Yehudah he-Hasid as a continuator of the Nahmanidean school of prayer-theurgy [which may be traced to the mid-12th century Sefer haMinhagotl. and its influence on Lurianic theurgy, see below, chapter 4 DS 4 note 110."
prayer,post1950,218abb3c7710,"significance of this Face-to-Face Union, as taking place on Shabat and yielding souls ‘by way of Truth and Faith’ [and regarding this, see ShaKav Drush 3 of Drushei haLaylah which will be discussed in DS 14, in the context of daily prayer as compared and contrasted with prayer on Shabat]. And 4. see chapter 2 below, note 97, regarding their shared ‘dual-perspectivism’ and the immutability of the Absolute."
prayer,post1950,a53f3d2512f1,"In his later reconstruction, he asserts that much of the ‘ AR ’I speculative development had its roots in his mystical experiences during prayer.83 In this regard there is"
prayer,post1950,c911f3f9657b,"“no one prayer is at all like any other since the creation of the world , until the future redemption, since the purpose of prayer is the purification of the holy sparks ... and with each and every prayer, new sparks which were never before purified become purified ... and in proportion to the quality of these sparks, so are the levels of consciousness drawn unto the Small Countenance and His Female Counterpart, and so too into those levels above Them... and for this reason, no Qriy’at Shmdis like any other” [for the Hebrew text, see chapter 3 note 21]"
prayer,post1950,d0ba9a3046c4,"So too, we find a parallel Lurianic text regarding the parameters of Zohar exegesis, explicated in ‘AY. pp. 12 col. 2 - 13 col. 2 [and see EH Gate 1 chapter 5] where we read of no less than forty three possible contextual modalities of interpretation, and he concludes this excursion by saying: “From this you may understand how the state of the worlds, being the garments of the ‘Ayn-Sof change at each and every moment; and in accordance with these changes, so too do the interpretations of the Zohar change, and each and every one of them are the ‘words of the living God and they do not contradict each other [italics, mine; and see for two examples of this contextualized Zohar exegesis below, note 88 and in chapter 4 note 126]”. This principle of hermeneutic contextualization should naturally be applied to the Lurianic Corpus, and in applying it, this writer discovered solutions to certain questions. See for instance, Chapter 4, DS 2 note 46, and regarding prayer, see DS 13f and note 370. And see below, near n. 108."
self-esteem,pre1950,d23d4018adb9,VII. Of Avoiding vain Hope and Self-esteem . . 12
self-esteem,pre1950,93c1a5418073,OF A VOIDING SELF-ESTEEM 13
self-esteem,pre1950,8e6121423432,"But if I count myself vile, and bring myself to my nothingness, and do away with all my selfesteem ; and if I should sink down even to the dust (that which I am), then will Thy grace be in mercy granted to me, and Thy light be near my heart; and all self-esteem, even the least, shall be swallowed up in the valley of my nothingness, and perish for ever."
self-esteem,pre1950,3b210c6f8025,* 3. Detachment from self-esteem 39
self-esteem,pre1950,00e99fe027ff,"manna"" {Apoc. ii. 17). It is, then, necessary that he who wishes to be admitted into an Order of exact observance should enter with a mind determined to overcome himself in everything, by expelling from his heart all inclinations and desires that are not from God, nor for God, so that he must detach himself from all things, and especially from the four following: 1. From his comforts; 2. From his parents; 3. From his self-esteem ; 4. From his own will."
self-esteem,pre1950,6bae7ee453df,"He must also be altogether detached from all self-esteem. Many leave their country, their comforts and parents, but carry with them a certain esteem for themselves ; but this is the most hurtful attachment of all. The greatest sacrifice that we can make to God is to give to him not only goods, pleasures, and home, but ourselves also by leaving ourselves. This is that denying of self which Jesus Christ recommends above all to his followers. And for this self-denial it is necessary that every one should first place under foot all self- esteem, by desiring and embracing every imaginable contempt which he may meet with in religion,—as, for instance, to see others whom perhaps he thinks less deserving preferred to himself, or to be considered unfit to be employed, or only employed in lower and more laborious occupations. He should know that in the house of God those charges are the highest and the most honorable which are imposed by obedience. God forbid that any one should seek for or aspire to any office or charge of pre-eminence! This would be a strange thing in religion, and he would be noted as proud"
self-esteem,pre1950,1f1edf887f62,"Digitized by Goode such subjects, so attache^ to their own esteem—out with them ! It is well for them to go as soon as pbssible, that they may not also infect the rest with th^ir pride. In religion every one should be dead, and especially to his own self-esteem ; otherwise it is better for them not to enter, or to depart again if they have already entered."
self-esteem,pre1950,eba18ce81aca,"The first is a good intention. It is necessary to enter the sanctuary by the door* but there is no other door than Jesus Christ: 'J I am the door of the sheep. ... If any man enter in, he shall be saved"" (John x. 7, 9). To enter, then, by the door is to become a priest not to please relatives, nor to advance the family, nor for the sake of self-interest or self-esteem, but to serve God, to propagate his glory, and to save souls. "" If any one,"" says a wise theologian, the learned continuator of Tournely, "" presents himself for holy Orders without any vicious affection, and with the sole de-"
self-esteem,post1950,66954ae19cce,"on Third Grade Students' Self-Esteem and Academic Achievement"" (Lori Morrison, Cordelia Douzenis, James J. Bergin, Tonya Sanders); (2) ""Game Shows"
self-esteem,post1950,627678de9125,Effects of Group Counseling on Third Grade Students’ Self-Esteem and
self-esteem,post1950,5337e34aed25,"On behalf of the editorial board, I thank each of the contributors to this issue of the GSCA Journal. Six of the articles are based on highly rated programs presented by the authors at the 2000 GSCA Fall Conference. Included in this issue is an informative article on the effects of group counseling on self-esteem and academic achievement that addresses accountability for school counseling programs. Two articles pertain to activities for elementary school students, three articles provide ideas that are especially useful for middle and secondary school counselors, and one article gives suggestions for using bibliotherapy at all levels. Preventing school violence and meeting the needs of students who are at risk are areas of concern for all educators. Two articles address characteristics of violent students and discuss strategies for preventing violence. Two additional articles present ideas for working with students who are at risk of dropping out of school and who are at risk for depression. The last article describes the changing emphasis on counseling roles and how to prepare school counselors for these roles. The excellent brief counseling activities in the GSCEPs column complete this information packed issue."
self-esteem,post1950,160194a45450,Effects of Group Counseling on Third Grade Students’ Self-Esteem and Academic Achievement
self-esteem,post1950,978d86ee8468,"There has been a great deal of research on self-esteem (e.g., Canfield & Wells, 1976; Coopersmith, 1967; Piers & Harris, 1984); however, disagreement exists about how self-esteem is related to mental health (Lefrancois, 1999). Nonetheless, virtually every model of psychology recognizes self-esteem as an important human need (Corey, 2001). In- depth research is lacking on the exact nature of self-esteem, the mechanism of its achievement, and its impact on our values, goals, and motivation. However, studies indicate that negative behaviors such as delinquency, substance abuse, acting out, poor social skills, and anger management difficulties are associated with low self-esteem (Godleski, 1986; Purkey & Graves, 1970; Rubin, 1999)."
self-esteem,post1950,0074141454e5,"Studies have been conducted to develop techniques and methods to enhance self-esteem in children. Children’s self-esteem can be changed from negative to positive with motivation, influence, and guidance. When selfesteem is enhanced, negative behaviors often diminish (Lawrence, 1988; MacKeen & Herman, 1974; Schnee, 1972; Walker, 1991)."
self-esteem,post1950,971f453d12ac,"and feelings about themselves. Several ways suggested to help children gain more positive self-esteem include developing self-awareness (of feelings, thoughts, abilities, desires, needs), selfacceptance (not disowning self), and self-expression (using assertion appropriately) (Coakley, 1993; Corey & Corey, 1997; Myrick, 1993; Wilcox & Mitchell, 1977). Because group counseling interventions with children seem to facilitate changing negative behaviors and rebuilding self-esteem, group counseling is highly recommended for use in schools."
self-esteem,post1950,691667924de2,"Improved self-esteem can provide additional benefits for students. Many studies have indicated that there is a significant relationship between selfesteem and a student’s achievement in school (e.g., Gadzella & Williamson, 1984; Purkey & Graves, 1970; Rubin, 1999). When children begin feeling better about themselves, their grades improve. In contrast, students who perceive themselves in a negative way tend to have lower academic achievement. Therefore, group counseling that enhances self-esteem of children may also provide indirect effects on academic achievement."
self-esteem,post1950,8c74debebb0c,"The purpose of this study was to determine what effects group counseling had on third grade students’ self-esteem and academic achievement. It was hypothesized that group counseling in schools may lead to increased selfesteem for children, and this could subsequently result in higher academic performance."
self-esteem,post1950,9de2f6d3d98c,"1984) was used to assess each participant’s self-esteem. This instrument was chosen for use in this study because it directly measures a child’s perceptions of self. The Piers-Harris was designed and standardized for use with children ages 8 to 18 years of age. The instrument is a self-report questionnaire consisting of 80 items that can be given to students individually or in a group. This inventory gives a total score as well as scores for six subscales: Behavior, Intellectual School Status, Physical Appearance and Attributes, Anxiety, Popularity, and Happiness and Satisfaction. A higher score on each subscale represents a greater degree of the attribute being measured. The “test- retest reliability coefficients range from .42 to .96 and internal consistency estimates for the total score range from .88 to .93” (Piers & Harris, p. 57). Construct, content, and criterion-related validity have been established through numerous studies."
self-esteem,post1950,5faf64a8c71b,Group Counseling Materials. The researcher/counselor developed eight group counseling sessions designed to enhance the self-esteem of children; these sessions were based on the work of Morganett (1994). An outline of goals of these sessions is included in the Appendix.
self-esteem,post1950,5d381e9650ce,"All participants completed the Piers-Harris Children’s Self-Concept Scale as a pre-measure of self-esteem. Beginning in October 2000, the experimental group participated in eight sessions of group counseling with the researcher; members of the control group did not meet for group counseling. At the end of November 2000, the PiersHarris was administered to all participants again to obtain a post-measure of self-esteem. The researcher also collected participants’ GPAs from the first and second student progress reports to serve as pre- and post-measures of achievement."
self-esteem,post1950,b67dd17de051,"To control for initial differences in the self-esteem of students in the two groups, an analysis of covariance (ANCOVA) test was performed on each of the Piers-Harris subscales, PiersHarris total score, and achievement (GPA). These tests were used to determine if significant differences in selfesteem posttest means existed between the experimental and control groups. The corresponding pretest score was used as a covariate in each analysis. The adjusted posttest mean values are presented in Table 1."
self-esteem,post1950,9e6fa07c1b9b,"The results support the hypothesis that third grade students involved in group counseling did demonstrate higher levels of self-esteem in two specific areas — Behavior (e.g., students perceived themselves to have better behavior) and Anxiety (e.g., students reported less anxiety) — and in overall self-esteem. These findings support previous research regarding the positive effects of group counseling on children’s selfesteem (Coakley, 1993; Godleski, 1986; Mackeen & Herman, 1974; Riley, 1995). The results did not support the hypothesis that third grade students involved in group counseling would demonstrate higher levels of academic achievement. This finding may have been due to the limited time frame of the study."
self-esteem,post1950,d848ec05a680,"Several implications can be derived from these findings. Counselors should continue to use group counseling as an effective method of enhancing selfesteem. In addition, counselors should replicate some of the activities of the small group counseling setting in the classroom guidance context so that larger groups of students can benefit in the area of self-esteem. Counselors should also make teachers aware of how group counseling goals can be used to encourage self-esteem development among students in their classrooms. Many of the goals used in the group counseling setting (e.g., understanding that everyone has different strengths and weaknesses, sharing feelings, relating well with others) directly parallel some of the components of character education programs that are being implemented in schools today."
self-esteem,post1950,517a87abb036,"The following are recommendations that should be considered when conducting future research on this topic. A later measure of achievement (perhaps the third progress report) should be obtained to allow sufficient time to determine the potential effects of enhanced self-esteem on academic achievement. Using second and third progress reports would ensure that comparable achievement (e.g., based on third grade material only) was being measured."
self-esteem,post1950,d2f3d5cfaf80,"Follow-up data should be collected to determine if there are enduring effects on self-esteem for students who participated in group counseling. In addition, future research should include data from teachers regarding their observations about changes in student behavior that may have resulted from participation in group counseling."
self-esteem,post1950,af108068b8a4,"The sample size should be increased in an effort to increase the generalizability of results. Multiple experimental (counseling) and control groups could be used for this purpose. Future researchers might also consider reversing the groups (i.e., the control group becomes the experimental group) at the end of the experiment; the experiment would then be repeated, and self-esteem and achievement results would be measured again for both groups following this second phase of experimentation."
self-esteem,post1950,f28dc7929b71,Previous research has shown that improved self-esteem of children has been associated with a reduction in negative behaviors and increased academic achievement. The current study demonstrated positive effects of group counseling on the self-esteem of third grade students. Elementary school counselors should consider incorporating group counseling activities focused on enhancing children’s self-esteem into their guidance programs.
self-esteem,post1950,48183b09e670,"Coakley, B. F. (1993). Improving academic achievement of third and fourth grade underachievers as a result of improved self-esteem. Ed.D. Practicum, Nova Southeastern University, Florida. (ERIC Document Reproduction Service No. ED 356 071)"
self-esteem,post1950,46fddd241b61,"Coopersmith, S. (19671. The antecedents of self-esteem. Palo Alto,"
self-esteem,post1950,e86b39713bb6,"Lawrence, D. (1988). Enhancing self-esteem in the classroom. London: Paul Chapman Publishing Ltd."
self-esteem,post1950,c5ff1ceb8040,"MacKeen, B. A., & Herman, A. (1974). Effects of group counseling on self-esteem. Journal of Counseling Psychology. 21,210-214."
self-esteem,post1950,a6bf9aa97546,"Rubin, C. (1999). Self-esteem in the classroom. Master’s Action Research Project, Saint Xavier University. (ERIC Document Reproduction Service No. ED 434 753)"
self-esteem,post1950,6b204d0f62be,"Relationships between self-esteem, achievement, and IQ measures of elementary and secondary students. (ERIC Document Reproduction Service No. ED 152 845)"
self-improvement,pre1950,a86befac9f78,"PART I. THE ORGANISM discusses"" man's organic relations generally, including the fundamental principles of life ; the structure of the mind ; the principles, proofs, facts, and history of Phrenology ; the Temperaments, &c. ; and applies all to Self-Improvement."
self-improvement,pre1950,f490e6a748f8,"Similar illustrations of the importance of this balance among the Faculties might be drawn from the social Faculties ; and others still from every phrenological and physical element of man. But why enlarge upon a principle, the necessity and value of which are so self-evident, so powerful and universal, and so inseparably interwoven with the perfection and happiness of every human be- ing? Have we not already shown why and how well-balanced in- tellect is so superior to the same amount unbalanced ; why the moral Faculties, when harmoniously developed and exercised, pro- duce that moral worth and true piety which constitute the grace -of graces, the crowning excellence of man, and especially of wo- man, as well as the errors and evils of disproportion? Indeed, words cannot express its value and importance. Hence, should not parents and teachers, in educating the young, and moulding their characters, physical, intellectual, and moral, and, indeed, all who seek health, long life, happiness, or self-improvement, be guided by it as their polar star, and make it the nucleus around which all their self and juvenile improving efforts should cluster!"
self-improvement,pre1950,0edd76a5895e,"Your Phrenology answers. Self-knowledge is the first step towards self-culture, and a knowledge of children towards their improvement. As, before doing anything whatever, we must first know just what requires to be done, then how to do it ; so the first step in juvenile and self-improvement consists in knowing in just what you and they are out of proportion, — what Faculties are excessive and defective."
self-improvement,pre1950,7c566f72fb4f,"We reap and sow together. Unlike sacrificing the prime of life in amassing wealth, and dying when just ready to begin to enjoy it, we enjoy the very effort itself which secures the desired self-improvement, as well as the improvements themselves after- wards. That very action of the Faculties which develops them, is itself the most delightful pastime, not task. Self-culture, in its very nature, yields this double reward, — pleasure in making the self-improvement, and pleasure in it ever after it is made. In this respect, all kinds of self-culture are like studying. We take intense pleasure in the study itself, and then ever after in enjoying the knowledge thus pleasurably acquired."
self-improvement,pre1950,e1e0a37152cf,"Few facui/mes are as generally perverted as this ; and only one, Love, stands in greater need of right direction. The Bible tells us that the sin of our first parents consisted in wrong eating. Both physio- logy and fact attest that perverted appetite, or the enormous gorman- dizing of rich and stimulating kinds of food, in connection with alco- holic and other noxious drinks, causes a great proportion of the de- pravity of mankind. Paul meant something when he commanded, "" Be ye temperate in all things ; "" nor does the Bible condemn glut- tony and wine-bibbing, from first to last, for naught. Indeed, its narrative of the eating of the forbidden fruit as introducing- into our world "" death and all our woes,"" obviously means that perverted Appe- tite, or wrong eating, caused the fall of man, and most of his subsequent depravity and consequent suffering. This is certain, that the starting point of human reformation and restoration is the stomach. Its in- fluence in inflaming the system, and the irritated state of the body as inflaming and perverting the animal propensities, has already been so effectually demonstrated as completely to establish this point.28 The due regulation of Appetite, then, is the great instrumentality of all self-improvement. To become good or great, men must first learn how to EAT."
self-improvement,pre1950,5f101194191a,"The cultivation of this most exalted and important Faculty be- comes a paramount means of self-improvement, happiness, and suc- cess in life. Right exists : therefore all should conform to it. All are created with an internal conscientious monitor to perceive it;"
self-improvement,pre1950,9cc50fe50cc1,"Some primary Faculty must needs connect and relate man to this inherent element of Nature, else it must forever remain a sealed book, a perfect blank, to all mankind forever ; as are colors to the blind. Without it, no son or daughter of humanity could possibly ever have perceived its existence, or revelled in its delightful contem- plation, or hungered and thirsted after self-improvement, or longed for perfection of character, or purity and moral elevation of sentiment. But infinite thanks, that the Giver of all good has both arrayed all Nature in one grand halo of exquisite glory, and then implanted in the human soul this Faculty to perceive, enjoy, and cultivate this purifying and exalting sentiment ; and unspeakable are its pleasures and benefits. It purifies, refines, and elevates the entire character, with all its manifestations; longs after perfection, physical, intellectual, and moral ; loathes sin, and eschews the polluting and corrupting touch of depravity because so vulgar and debasing."
self-improvement,pre1950,9a0a4e12826e,"beyond the utmost conception of imagination and conception united, and not behead time and eternity. Will He, by giving us this Faculty, put us in relation with eternity only to blast this hope? We, our own identical selves, that is, our mentalities here, will 'continue there, and the consequences of our terrestrial conduct will be coeval with, and constitute our eternal destiny. This inference grows necessarily out of our possession of Time — a doctrine already proved from another stand-point,216 both thus reconfirming both. How full of promise and motive this doctrine, that all the self-improvement, good deeds, and holy feelings cul- tivated in this life will shed their benign and progressive influence upon us throughout that illimitable duration in which we are placed ! O, who will fold their hands, and neglect to cultivate their godlike capabilities? Who will let the seed-time of this life pass without improving it all to sow such seed, to be in- creased, not a hundred fold, but infinitely, against the harvests of eternity ? Whatever we may sow in any given day or hour in this probationary state, we shall reap perpetually hereafter, both throughout the subsequent portion of this life and the entire range of that which is to come ! O merciful God, guide us all in the right use of that time which Thoa hast thus graciously be- stowed upon us ! Thus far we have misspent and abused this heaven-born and heaven-tending gift. At Thy feet Ave implore pardon for the past, and pray for strength and wisdom rightly to improve the future. O, guide and aid us through time, in our eventful preparation for immortality ! But"
self-improvement,pre1950,0825159378e0,"Impressiveness is next. You speak or write solely to impress your own mental operations on other minds. Then, so express them as to render the transfer entire and complete. In attaining both these ends, more depends on the general framework of sentences than their wording. Especially do we require to begin and end right, as well as to insert their various adjunctive clauses, each in its own place. There is a right and wrong arrangement for every division, idea, sentence, clause, and word, of every discourse and work, as much as for hand, eye, and every part of the body — one which helps deepen and perfect the general and specific impression. The difference in the effect produced by transposing clauses and words is indeed great, as all can see by placing them differently in the same sentence. In fact, when walking or at work, so that the mind can be employed in self-improvement, to frame ideas into sentences, and then alter and modify in order to perfect them, is a most excellent mental discipline, as well as promoter of correct and forcible conversation and delivery."
self-improvement,pre1950,49fc7b330464,A HANDBOOK FOR SELF-IMPROVEMENT WHICH LEADS TO GREATER SUCCESS
self-improvement,pre1950,ebe93d3d44f1,"FOR THE TEACHER, (OR SELF-IMPROVEMENT.) Each study is complete under separate headings, starting with easy construction for No. 1, and increasing to construction No. 7. The student or teacher should read the book first, and then master each part complete."
self-improvement,pre1950,dd37d5659af6,"Applicants for phrenological examinations are daily and eagerly inquiring, "" How can I remedy my defects % By what means can I increase my small organs, or diminish those that are too large V"" This work will answer these most important questions. It will show what constitutes a good head, and also how to attain this great desideratum. A knowledge of Phrenology, and thereby of ourselves, is the sum total, the essence of all knowledge ; but its application to self-improvement, to the discipline of the mind, and to the modification, moulding, and formation of the charac- ter, is the very quintessence even of Phrenology — the one re- maining desideratum. To ascertain our qualities, is all impor- tant ; but to improve them, is infinitely more so. Though the former should precede the latter, it should by no means supersede it. Too long, already, have Phrenologists been content with knowing themselves by this science. It is now high time for them to apply it to their own mental cultivation, and to the intel- lectual and moral improvement of mankind, especially of the ris- ing generation. If this single application of Phrenology, which it is proposed to make in these pages, were but fully carried out in practice, it would certainly do more to promote the happiness, virtue, talents, and well-being of man, than has been done by all the other improvements and inventions of this and past ages put together, including all the works on metaphysics, education, and kindred subjects, ever written ; because this teaches the true method of improving the mind, while they appertain to physics, or enter the department of mind only to becloud it."
self-improvement,pre1950,f8a88dafac88,"But its subject matter is deemed too valuable and useful to allow its delay on account of these minor defects. To do good, to open up the way of self-improvement, and, above all, to put edu- cation upon its right basis, and develop the laws of man's physical and mental constitution — these transcendantly important sub- jects urged its immediate republication — and the minds of those who prefer the useful to the exquisite, will excuse its faults, but profit by the truths it embodies. It enters a field in the nature of men heretofore untrodden, but important beyond all conception. The principle; it pressnts are true. They are not hastily put forth: every idea advanced has been thoroughly scanned. For its matter, the author makes no apology ; it needs none. The manner of putting it together is alone defective; nor does he be- lieve any ten pages of it qan be carefully read without lodging some important truth in the mind, amply sufficient to repay both its price and its perusal. To parents, as a guide in conducting the intellectual education, and the moral training and government, •of children, it will be found a text-book surpassing all others. It is sent forth as it is in the hope, in the full belief, that it will teach mankind now to live, how to be virtuous, how to be happy."
self-improvement,pre1950,f83d3c2fc439,14 PHRENOLOGY APPLIED TO EDUCATION AND SELF-IMPROVEMENT.
self-improvement,pre1950,0e221e1b32d0,16 PHRENOLOGY APPLIED TO EDUCATION AND SELF-IMPROVEMENT.
self-improvement,pre1950,779b6aca10e5,18 PHRENOLOGY APPLIED TO EDUCATION AND SELF-IMPROVEMENT.
self-improvement,pre1950,5ab88bdfa092,20 PHRENOLOGY APPLIED TO EDUCATION AND SELF-IMPROVEMENT.
self-improvement,pre1950,22d37d84e9cb,22 PHRENOLOGY APPLIED TO EDUCATION AND SELF-IMPROVEMENT.
self-improvement,pre1950,4b2b79721a23,24 PHRENOLOGY APPLIED TO EDUCATION AND SELF-IMPROVEMENT.
self-improvement,pre1950,81e9e79b88b9,26 PHRENOLOGY APPLIED TO EDUCATION AND SELF-IMPROVEMENT.
self-improvement,pre1950,a94392c66cd4,28 PHRENOLOGY APPLIED TO EDUCATION AND SELF-IMPROVEMENT.
self-improvement,pre1950,bd07438b4a4d,30 PHRENOLOGY APPLIED TO EDUCATION AND SELF-IMPROVEMENT.
self-improvement,pre1950,d7afb1ef25d6,36 PHRENOLOGY APPLIED TO EDUCATION AND SELF-IMPROVEMENT.
self-improvement,pre1950,e31df448462f,38 PHRENOLOGY APPLIED TO EDUCATION AND SELF-IMPROVEMENT.
self-improvement,pre1950,0131d38c23c4,40 PHRENOLOGY APPLIED TO EDUCATION AND SELF-IMPROVEMENT.
self-improvement,post1950,92b5bd826b1d,TO DETERMINE WHY ONE-THIRD OF THE STUDENTS ENROLLING IN CORRESPONDENCE WORK CURING ANY CALENDAR YEAR DO NOT COMPLETE THE COURSES AND TO ELICIT SUGGESTIONS FOR REDUCING THE NUMBER OF DROPOUTS AND CANCELLATIONS* QUESTIONNAIRES WERE MAILED TO 762 CORRESPONDENCE STUDY DROPOUTS. DATA FROM THE 135 QUESTIONNAIRES RETURNED ARE TABULATED IN THIS STUDY. DEGREE AND CERTIFICATION REQUIREMENTS AND SELF-IMPROVEMENT WERE REASONS MOST OFTEN CITED FOR ENROLLMENT. THE MAJOR REASON FOR NON-COMPLETION WAS LACK OF TIME. IN COMPARING RESIDENCE AND CORRESPONDENCE INSTRUCTION* RESPONDENTS THOUGHT CORRESPONDENCE STUDY WAS MORE WORK AND LESS INTERESTING* BECAUSE OF LACK OF CLASSROOM CONTACT. RECOMMENDATIONS BASED ON THE STUDY ARE THAT—(1) CORRESPONDENCE STUDY GUIDES HAVE A VARIETY OF ASSIGNMENTS INCLUDING MORE THOUGHT-PROVOKING QUESTIONS* (2) INSTRUCTORS OFFER MORE SUGGESTIONS AND CRITICISMS BY REGISTERING COMMENTS ON ASSIGNMENTS RETURNED TO STUDENTS* (3) PROVISION BE MADE FOR TIME EXTENSIONS* (4) LESS WRITING BE REQUIRED IN ASSIGNMENT PREPARATION* (5) MORE NON-TECHNICAL COURSES BE MADE AVAILABLE BY CORRESPONDENCE*
self-improvement,post1950,158c778f815b,b. Self-improvement 43
self-improvement,post1950,5a6d1f91883a,Self-improvement Suggested by advisor
self-improvement,post1950,3705c0d85af0,"This paper presents the findings of the University of Alaska Anchorage's (UAA) 1996 survey of student needs. The objectives of the survey were to gain insight into the students' goals and motivations, and to measure students' needs and satisfaction as part of institutional accountability. The survey is intended to be used as a guide to improvement, planning and budgeting decisions, revitalization of campus services, creation of a profile for at-risk students, and communication with the larger community regarding UAA's status. This survey covers only the UAA Main Campus, and was conducted using a random sample of enrolled students. The report includes 40 tables and three distinct parts. Part 1 addresses students' higher education goals and perceptions about how the university can assist them in reaching those goals. Part 2 focuses on students' evaluation of preferences for UAA facilities and services. Part 3 strives to build a profile of UAA at-risk students. The Office of Institutional Research used the survey data in an effort to link information regarding students' reasons for enrolling at UAA with the practical application of academic planning at UAA. Currently, 50% of students enrolled at UAA are there to take courses for self-improvement. The proportion of degree-seeking students has, however, been increasing since 1990. This increase has important implications for academic policy issues."
self-improvement,post1950,c372716acd93,"The joint Education Department of the College of Saint Benedict and Saint John's University, Minnesota, developed a behaviorally oriented framework for assessing teacher candidate dispositions. They created an instrument to use in a behavioral assessment of all applicants to the teacher education program. This assessment involved an interview with the director of student teaching or the department chair. The interview was designed to provide a formal, yet friendly, introduction to the administrators and personalize the admission process. Dispositions that the group.identified as relevant included intrinsic motivation and passion for learning as well as being disposed toward: helping relationships with children/youth; commitment to social justice and appreciation of diversity; creativity, problem solving, and divergent thinking; engagement in and promotion of positive social interaction; communicating effectively; being prepared; recognizing, encouraging, and facilitating positive growth in others; reflection and self-improvement; and integrity and collaboration for student advocacy. The interviewer asks questions that invite students to reflect upon and discuss life experiences which dispose them toward practices of effective teaching. This assessment method has been effective in focusing candidates on the dispositions that will help them acquire the necessary knowledge and skills for becoming effective teachers and recognizing the need for dispositional change. (Contains 46 references.) (SM)"
self-improvement,post1950,78076f46e772,• The candidate is disposed to reflection and self-improvement.
self-improvement,post1950,d426b2ce0fa7,"Whether an individual wishes to take a course simply for his own intellectual stimulation, or to embark on a full scale academic or training program, this directory provides information about degree and non-degrete opportunities that exist in Rhode Island colleges and universities; formal and informal programs (credit or non-credit) at the elementar y and secondary levels; vocational training; and self-improvement and leisure pursuits. The college and university programs listed here are offered in separate adult divisions of the respective institutions; but courses which may be attended by adults, through special arrangement within the regular under-graduate programs, are also noted."
self-improvement,post1950,028726dee56a,"This presentation is rooted in several years of / multidimensional research into the behavior of teacher and pupils/ that'is, more than a single technique is used simultaneously, eacn assessing a different dimension of the interaction. One promising outcome of findings is the possibility of measuring pupil growth by means of observational systemso.Not only does this technique reduce the amount of reliance placed on paper-pencil instruments, but is far more descriptive since it assesses pupil behavior (growth) during the learning process, over a longer duration of time, and at several subsequent intervals rather than during a single assessment.. Furthermore, the notion of systematic observation tends to open up the parameters of growth measurement. -Pupils can be observed/assessed as they behave and interact in a natural, relatively threat-free situation. Finally^ techniques of this sprt complement the spirit of seif-evaluation and, self-improvement as thei^ relate to teacher competence and accountability, since the teacher is given ""handles"", for controlling his behavior^ (Author)-"
self-improvement,post1950,bd162f95bad6,"THIS OUTLINE.HAS BEEN PREPARED TO ASSIST SCHOOL ADMINISTRATORS, TEACHERS, AND OTHERS INTERESTED IN PUBLIC EDUCATION IN UNDERSTANDING AND IMPLEMENTING THE INSERVICE PROGRAM AS DESIGNED BY THE STATE DEPARTMENT OF EDUCATION. THE IMMEDIATE OBJECTIVES OF THIS PROGRAM ARE (1) TO PROVIDE TEACHERS WITH THE OPPORTUNITY TO RAISE THEIR LEVEL OF UNDERSTANDING OF THE CONCEPTS OF ELEMENTARY MATHEMATICS AND TO LAY THE FOUNDATION FOR FURTHER SELF-IMPROVEMENT, (2) TO ILLUSTRATE THROUGH DEMONSTRATION TEACH!?4G SOME OF THE NEW APPROACHES AND METHODS FOR PRESENTING MATHEMATICAL IDEAS TO ELEMENTARY STUDENTS, (3) TO CREATE AN ATMOSPHERE OF ENTHUSIASM AROUND THE STUDY OF MATHEMATICS FOR BOTH TEACHERS AND STUDENTS, (4) TO ACQUAINT THE TEACHERS WITH NEW CURRICULAR MATERIALS, TEACHING AIDS, MANIPULATIVE DEVICES AND THE LABORATORY APPROACH TO THE TEACHING OF ELEMENTARY MATHEMATICS, AND (5) TO PROVIDE EXPERIENCES AND MATERIALS WHEREBY TEACHERS MAY BROADEN THEIR HORIZONS RELATIVE TO EXPERIMENTAL PROGRAMS, PERTINENT LITERATURE, AND EXTRACURRICULAR ACTIVITIES IN THE FIELD OF MATHEMATICS. THE REMAINING PORTIONS OF THE OUTLINE ARE DESIGNED TO PRESENT SPECIFIC INFORMATION ON A NUMBER OF ASPECTS INVOLVED IN THE ELEMENTARY MATHEMATICS INSERVICE TEACHER EDUCATION PROGRAM SUCH AS (1) ORGANIZATION OF THE PROGRAM, (2) CLASSROOM VISITATION AND DEMONSTRATION TEACHING, (3) LENGTH, LOCATION, AND ENROLLMENT IN THE PROGRAM, AND (4) MATHEMATICAL CONTENT IN THE PROGRAM. (RP)"
self-improvement,post1950,503eda195f23,a. Further own self-improvement and education.
self-improvement,post1950,a892468672bf,"As the third-party planner and implementer of higher education institutional and program evaluations, the Higher Education Evaluation and Accreditation Council of Taiwan (HEEACT) completed program evaluations for all 145 undergraduate business and management (B&M) programs in 43 universities/colleges from 2006 to 2010. In the 145 programs evaluated, 105 programs (or 72 percent) received a five-year certificate of accreditation. However, the failure rate (28 percent) of the programs in this field is much higher than the average failure rate of overall university programs (13 percent). This indicates that not only all programs in this field should keep enhancing quality assurance but also around one third of programs among them have to make many efforts to meet the accreditation criteria. The purpose of this paper was to identify the critical factors of passing/failing the program evaluation and the measures in line with the critical factors should be urgently improved. To attain the purpose, a content analysis of 145 B&M program evaluation reports was conducted. As result of the analysis, the following results are achieved: (1) The 10 critical factors of passing/failing the program evaluation are coherence between goal feature and curriculum, self-improvement capability and mechanism, composition and operation of program committee, curriculum design and mapping, interaction between faculty and student, use and benefit of instructional equipment, environment and rewarding system for research, research outcome and faculty load, graduate’s education-employment match, and employment counseling and alumni follow-up; (2) The three measures that should be urgently taken include “aligning program goals, faculty quantity and quality, and curriculum planning”, “encouraging all faculty to engage in research and increase research quantity, quality and internationalization”, as well as “strengthening faculty quantity and quality, and lightening their workload”."
self-improvement,post1950,2e767ecb057d,"identified, and interpreting and reporting the findings (Hall, u.d.; Mayring, 2000). HEEACT’s program evaluation reports are presented in qualitative description, which mainly include evaluation result and a list of the programs’ merits and suggestions for improve. In terms of categories, the following five aspects of program evaluation were set by HEEACT: (1) Goal, features and self-improvement, (2) Curriculum design and faculty teaching, (3) Student learning and student affairs, (4) Research and professional performance, and (5) Graduates’ performance. Thus, they were selected as the main topics of categories in this study. Furthermore, the following seven evaluation criteria were set by HEEACT: (1) Program aims and goals are specific and meet the professional trends of the discipline which the program belongs to; (2) Curriculum planning of the program reflects educational goals of the program; (3) Faculty quality and quantity meet the needs to attain educational goals and implement the curriculum planned; (4) Learning resources meet the needs for faculty teaching and student learning; (5) Both quality and quantity of faculty research and professional performance are good; (6) The mechanism of program self-improvement is sound and workable; and (7) The mechanism to follow-up graduates’ careers is good. Hence, the seven criteria were selected as the sub-topics of categories in this study. In addition, the intercoder reliability from a pilot test of this study was 0.874. It is acceptable according to Kassarjian (1977)."
self-improvement,post1950,eab3b55483c0,"Based on the frequency-of-mention in the 145 program evaluation reports, the 10 critical factors of passing/failing the program evaluation are identified as follows: coherence between goal feature and curriculum, self-improvement capability and mechanism, composition and operation of program committee, curriculum design and mapping, interaction between faculty and student, use and benefit of instructional equipment, environment and rewarding system for research, research outcome and faculty load, graduate’s education-employment match, and employment counseling and alumni follow-up (see Table 1). With regard to the factors mentioned in the programs that passed the evaluation, the top three factors in descending order of frequency-of-mention are “Coherence between goal feature and curriculum”, “Curriculum"
self-improvement,post1950,96a2c779f7cc,"Insights into the Role of Research and Development in Teaching Schools 1 The debate about the need for an evidence-informed teaching profession has recently been reinvigorated following the government’s White Paper, Educational Excellence Everywhere (DFE, 2016). The paper emphasises the importance of building a strong, evidence-informed profession to help drive up standards in schools. Indeed, it is clear that evidence-informed practice is now regarded as instrumental to school reform efforts in England and elsewhere (Greany, 2015). This is especially pertinent with so much focus on school self-improvement coupled with a drive for high- quality teaching within a devolved, and increasingly autonomous, education system."
self-improvement,post1950,1bc207626873,"Key findings from a wellness survey conducted with University of Minnesota civil service employees are discussed. The survey was designed to provide information to guide future campus health and wellness programming. Four topics were covered: physical fitness/exercise, nutrition, self-improvement/psychological health, and general health/preventive care. On each of these topics, employees were asked about their current behavior, their awareness and usage of current programs, and their interest in future programs. A total of 362 responses were obtained from a random sample of 452 employees. The respondents split nearly evenly on a question about their general orientation toward wellness activities: 47 percent actively worked at seeking good health, while 53 percent took good health for granted and hoped they would remain healthy. Additional findings include the following: 46 percent exercised regularly, while 54 percent exercised occasionally or only on weekends; 57 percent experienced a great deal or quite a bit of stress on the job; 69 percent favored giving employees a half hour a day for exercise, while 77 percent approved giving employees ""wellness days,"" or time Koff from work if they did not use sick leave; and most respondents ^ere unaware of several wellness programs available to them on campus. (SW)"
self-improvement,post1950,250174471654,"This is a report of key findings from a survey of University of Minnesota civil service employees conducted by the Civil Service Wellness Committee, Deanna Smith, chair. The survey was designed to provide information to guide future campus health and wellness programming. The survey covered four topics: physical fitness/exercise, nutrition^ self-improvement/psychological health; and general health/preventative care. On each of these topics employees were asked about their current behavior, their awareness and usage of current programs, and their interest in future programs."
self-improvement,post1950,a6e269725a60,"The survey findings are likely to lend momentum to a growing movement for campus wellness programs. The strong support -for exercise time and wellness days was found not only among the health ""seekers"" but also among the ""hopers"" who take their health for granted. For those who are already pursuing wellness activities the appeal of these ideas may be that they could help ease the time pressure that they feel when they try to schedule self-improvement activities. For those who are^not actively involved in wellness activities, the time off may be the strong inducement they need to make a commitment to changing their lifestyles. Implementing either of these ideas would be a rather radical step for the University. However several corporations have implemented plans incorpo- rating these ideas as well as other wellness programs.'' Their motivation has not v been solely altruistic because they envision definite benefits in terms of improved employee productivity."
self-improvement,post1950,41f21c24ff29,"When asked how much stress they experienced on the job, # majority of - respondents said that they experienced quite a bit or a great deal of stress. Concern about stress was further underscored by responses to a question about what self-improvement psychological health topics respondents would personally like to know more about. The two most frequently mentioned topics were:"
self-improvement,post1950,3f8d7344baf6,"physical training programs. This study capitalized on naturally occurring platoon differences in fitness outcomes to classify basic training platoons into relatively high and low improvement groups. The high improvement group had better attitudes toward the Marine Corps, greater perceived self-improvement, and performed better during basic training. The groups had comparable illness rates during basic training, but there was more medical attrition and overall attrition in the high improvement group. The groups did not differ with regard to Fleet Marine Force promotion or attrition rates. These findings demonstrate that physical training programs may indeed influence nonfitness basic training outcomes. Additional research n needed to verify that physical training differences actually cause nonfitness bas*c training outcomes, to determine whether these effects are large enough to be of practical importance, and to identify specific aspects of physical training programs that important for promoting nonfitness basic training objectives. (Author)"
self-improvement,post1950,5d7ccf0e1953,"Side effects of PT were investigated by relating naturally occurring platoon differenced in fitness outcome^ to (a) 'Esprit de Corps (measured by attitudes toward the Marine Corps and perceptions„of BT leadership and group cohesion) (b) improved self-confidence (measured by perceived self-improvement during BT) , (c) acquisition of military skills and knowledge (measured by BT tests and Drill Instructor ratings) , (d) BT health (measured by illness incidents requiring 1 or more dispensary visits), (e) * BT attrition, and (f) FMF success -(measured by attrition and promotion rates following BT) . The data for the analyses were originally collected as part of three BT stress studies carried out between 1978 and 1981. ^"
self-improvement,post1950,b463f0534b9a,"The high improvement group showed (a) more positive attitudes toward the Marine Corps and Marine Corps philosophy (i.e., greater acceptance of authority, higher commitment to doing well in the Marine Corps, and greater general satisfaction with the Marine Corps); (b) greater feelings of self-improvement during BT; and C(c) better performance during BT, Another positive correlate of high improvement was that recruits in this group described their Drill Instructors as better examples of what a marine should be. A possible negative effect of PT was higher attrition in the high improvement group; the most consistent element of the attrition pattern was higher medical attrition in the high improvement group."
self-improvement,post1950,6a67ad5551e2,Self-Improvement Scales .; .7
self-improvement,post1950,7d5d2d192c11,associated with greater perceived self-improvement
self-improvement,post1950,4a88a47ce78c,"hypothesis 2: High1 fitness improvement will be associated with create* perceived / ^ self-improvement in recruits. ,"
self-improvement,post1950,dac22260a046,"Interviews with recruits suggested that feelings of self-improvement arise from mastering significant BT challenges. . PT is one of the challenges that recruits must master, so more difficult PT should produce greater gains in self- esteem. If improved physical capabilities contribute to improved self-esteem,, high Improvement PT programs can promote the BT objective of developing recruits self-reliance and confidence (1, p. 2-2). ."
self-care,post1950,eec0f09465ef,"Kissel, R.C., Whitman, T.L., & Reid, D.H. (1983),. An institutional staff training and self-management program for developing multiple self-care skills in severely/profoundly retarded individuals. Journal of Applied Behavior Analysis, 16, 395-415."
self-care,post1950,b2d4a9da0a53,"Helping a child attain his full psycholpg / 1 potential consists of providing him with opportunities to .-^arn in both natural and instructional settings. Learning is defined in ttje psychological literature either as a hypothetical mental ability or as a relationship between repeated stimulation and changes in performance. . Both definitions are rejected. There are two implications of this analysis for children with problems in self-care, language, school subject*?, and social behavior. First, it is more fruitful to refer to these children as children with specific problems than with learning disorders. Second, it suggests that findings from the experimental literature can readily be applied to helping the teacher help the child. (CK)"
self-care,post1950,3f94fd1b5aed,In this study the population consisted of fifty-three hemiplegic patients with a mean age of sixty-four years. Twelve variables were studied for their validity as prognostic indicators. Improvement was measured by scores on a 17 item self-care scale. The six variables selected as predictors of improvement in self-care ability (in order of their correlation with the criterion)were:
self-care,post1950,4e60dc72f37a,"(1) no history of previous OVA, (2) bowel continence, (3) self-care admission score, (U) bladder continence, (5>) systolic blood pressure, (6) time between onset and beginning of rehabilitation. All of the correlations were low, indicating that none of these factors, in itself, is an accurate predictor of improvement. The results highlight the complexity of the prediction problem with this population."
self-care,post1950,9f74eb6ec87f,Twenty former stroke patients whose stroke had resulted in hemiplegia were interviewed in person on a 60 item questionnaire. The questions were designed to elicit opinions regarding disability and rehabilitation. In general the responses showed that the patients were optimistic about their chances for recovery and satisfied with therapy. They attributed their success in rehabilitation so far to their positive attitude toward treatment. Gains in ambulation and self-care seemed to encourage them most after the stroke. Only a few felt that their status as family member or friend had been damaged by the stroke.
self-care,post1950,d07452eabfd0,"Schoening, H. A. and I. A. Iversen, ""The Kenny Self-Care Evaluation: A Numerical Measure of Independence in Activities of Daily Living"", Kenny Reha.bilitation Institute, Minneapolis, Minnesota., 1969-"
self-care,post1950,93cb52d36940,Peer Collaboration: A Model to Support Counsellor Self-Care
self-care,post1950,4f3fb0ac3585,"In the context of a larger case study on how continuous learning in the workplace could be achieved through the implementation of peer collaboration, the process of how counsellors engaged in self-care within a large health care organization became clearer. This article is based on data derived from a qualitative analysis of nine transcribed audiotaped meetings of the Counselling Trio, a group of three grief counsellors in a large urban health region. By describing the formation of the peer collaboration groups, the processes that led to the Counselling Trio’s successful collaboration, and the impact of the experience on the three participants, we attempt to illustrate how peer collaboration can be used as a forum for self-care among grief counsellors. We conclude with a critical reflection on the potential of peer collaboration as a vehicle for organizational support of counsellor self-care."
self-care,post1950,bc55e40685f3,"composed of home care nurses. At their first meeting, each group chose its own name. This article will describe how the Counselling Trio redefined continuous learning and used the meetings to address their need for self-care. They became the focus of this article because paradoxically, like Bateson’s (1979) notion of “out of the corner of our eye,” the process of how counsellors engaged in self-care was revealed when the initial focus was on another phenomenon, the nature of continuous learning in the workplace."
self-care,post1950,c4c84a3e2ed9,"The Counselling Trio, who worked with the dying and the bereaved, comprised two psychologists, Julie and Mary, and a female chaplain, Beatrice. By describing the formation of the peer collaboration groups, the processes that led to the Counselling Trio’s successful collaboration, and the impact of the experience on the three participants, we attempt to illustrate how peer collaboration can be used as a forum for self-care among grief counsellors. We conclude with a critical reflection on the potential of peer collaboration as a vehicle for organizational support of cousellor self-care."
self-care,post1950,95cc6490a95a,Emotional Labour and Self-Care
self-care,post1950,271d56c4af52,"In light of the complexities of doing emotional labour, counsellor self-care, defined as the integration of one’s mental, emotional, physical, and spiritual well-being (Faunce, 1990), becomes an important aspect of the counsellors work experience. Additionally, counsellor self-care has an ethical dimension in that, for example, the Canadian Psychological Association Code of Ethics states that therapists should “engage in self-care activities to avoid conditions (e.g., burnout, addictions) that could result in impaired judgement and interfere with their ability to benefit and not harm others” (Canadian Psychological Association [CPA], 2000, 11.12). However, a counsellor’s cognitive understanding of the importance of self-care does not necessarily translate into self-care behaviours."
self-care,post1950,e79ee71d0fd5,"Soderhamn (2000) observed that the notion of self-care has been historically conceptualized “within a traditional man-environment totality paradigm” (p. 183) that defined self-care as a goal-directed activity whose aim was to maintain, restore, and improve health and well-being. This traditional conceptualization of self-care, argued Soderhamn, was bound together by relations of causality where the ability for self-care translates into the activity of self-care. In reality, however, self-care activity is not a guaranteed outcome of the knowledge or ability to engage in self-care activities. O’Connor (2002) found that while health care professionals recognized the importance of self-care for their patients’ lives, in their own lives the practice of self-care is largely absent. For female counsellors this reluctance to engage in self-care may be due to societal pressures to care for others since it is perceived to be the “duty” and the “natural inclination of women.” If they deviate from this norm by caring for themselves, women are then accused of being selfish (Webster, 1991). O’Connor offers a more encompassing argument that points to the cultural unacceptability of males and females engaging in self-care in a society that values “self-control, reliance, and autonomy” (p. 74). Counselling organizations have historically supported their employees through individual supervision and clinical consultation based on the belief that all therapists have an ethical and personal responsibility to engage in regular clinical consultation (Pearlman & Saakvitne, 1995). Mentorship and peer collaboration offer alternative models for counsellor support."
self-care,post1950,8dd39b0e6319,"Although this study set out to discover how peer collaboration could support continuous learning in the workplace, data were generated that demonstrated how three counsellors used peer collaboration to support self-care endeavours. For the parameters of this article, we chose to consider the Counselling Trio in depth for several reasons. First, we believed that to best demonstrate the quality and signature of interprofessional peer collaboration in action, it was necessary to use a narrow and microscopic lens that focused on the particulars rather than on generalizations across groups. Additionally, the Counselling Trio was unique because its members defined self-care as being an important aspect of continuous learning, and, as such, their approach was non-task-driven, inward looking, and focused on the professional self in relation to colleagues, clients, and self. Finally, the data generated from their meetings promised to offer valuable insights into “how” the three participants created and sustained a supportive, peer-centred self-care environment."
self-care,post1950,105a8a2f4141,"The generated themes, representing content, form, and impact of peer collaboration, are woven into the texture of the following discussion. Content, defined as what the Counselling Trio discussed, focused primarily on self-care in the face of overwhelming workloads. Form considered the “how” and referred to “characteristic patterns of relationship and forms of association” (Hargreaves, 1994, p. 166). Impact reflected changes in attitudes, skills, and knowledge among participants. Form was detected through the nuances of the conversations such as pauses, turntaking, repairs, interruptions, speaking all together, and laughter (Coffman, 1981; Silverman, 2003). In the analysis, we attempted to identify sequences of related talk, examine how speakers took on certain roles or identities through their talk, looked for particular outcomes in the talk, and worked backward to trace the trajectory that produced the outcome (Silverman). Findings of the study suggest that the two central aspects of form were creating a space for self-care both in and outside the workplace and developing a trust in the organization and one another. Trust embodied believing there was not one correct way to do peer collaboration and that the group was free to define their own agendas that supported self-care in a safe environment."
self-care,post1950,25d6fbb7e103,"As an outcome of the content analysis, the central theme that emerged was Creating Space. Participants noted that they needed to create a space to be themselves; a space for Julie to take a leave of absence; and a space for self-care in their work environment, their personal lives, and their clients’ lives. Beatrice mentioned that, for her, self-care included creating an open space in her day so she could notice life unfolding. A central aspect of Creating Space was defining their space that embodied boundary creation. For example, at their first meeting with the research team member, the Counselling Trio chose a group name, negotiated meeting dates, and agreed to meet in Mary’s office over their lunch hour. Additionally they focused on developing what they called ground rules for respectful communication and very quickly began talking about what they hoped to get out of the experience."
self-care,post1950,256804c6c11a,"Being intentional was a third feature that characterized their initial meeting. The three agreed that talking about their experiences in a structured and intentional way would meet their needs and the requirements of the project. Therefore, their goals for peer collaboration were to become more intentional in talk at meetings as they explored issues of self-care and workload management. They agreed that being conscious about group structure was also important because it would check their tendency to “meander” and therefore support their goal of reflection on self-"
self-care,post1950,ef05da763a29,"How the group “kept things going” is another element of using their space. At its initial two meetings without the facilitator present, talk was centred on workload, professional identity, and self-care. Questions such as “Who can I be?” and “Who must I be?” as a grief counsellor were discussed. The three struggled with the professional boundary between being a “chronic caregiver” and a “friend,” and with the professional imperative that they never speak ill of their clients."
self-care,post1950,daa769651706,"peer collaboration to approach the issue of self-care. In the first one, “Helping Julie Leave,” they made significant shifts in their attitudes toward how they view their relationship with their clients. These attitude shifts served to invite them into action related to self-care. The second example, “Arming Beatrice,” demonstrates how they used the group as a way to care for one another."
self-care,post1950,49f558d2c32c,"Helping Julie leave. Initially, the Counselling Trio considered their daunting workloads to be a primary barrier to self-care. Such case loads left them struggling with their professional choices as, for example, when Beatrice wondered if she should have focused so much energy on a suicidal woman, thereby neglecting other referrals? During their early meetings, Mary and Beatrice talked about their full schedules, with clients booked several months in advance. Mary worried aloud about what would happen if she became ill: “I’d still have to go to work because all these people depend on me.”"
self-care,post1950,6785a18dcfe6,"Julie introduced the notion of choice when she observed that, as counsellors, they had been invited to take on more than they had time or energy for, thus imposing and internalizing expectations upon themselves. As they considered how to control their workloads, they moved on to a discussion of how to create the balance that they saw as crucial to self-care. Beatrice said, “We must give ourselves permission to struggle with [finding] a balance between self and others. . . . We need to think about doing things differently.” Though they would never escape the guilt of “never doing it quite right,” the others agreed."
self-care,post1950,d10af503e73a,"The shift in attitude was most evident, however, when the group considered how to help Julie take a leave of absence. Until that point, the conversations about self-care were largely academic because, although the group held a cognitive understanding of the barriers to self-care and how to engage in it, there was little evidence of behaviour change until Julie announced, at their second meeting, that she was taking some time off from work. “The reality is that my personal life is overwhelming. It’s more than I can handle,” she confessed. “I bit off more than I can chew with the marriage, the stepchildren, the house renos, the pregnancy. I’m trying to make sure my life becomes a little bit more like a calmer ocean than the turbulent sea that it is now.”"
self-care,post1950,0bbe3360df47,"This shift from feeling indispensable and subsequently overwhelmed to considering the strength and resiliency of their clients allowed the women to reflect on self-care strategies. At the next meeting, group members shared what they had done. Beatrice had begun structuring daily and weekly “times off,” and given herself permission to enjoy weekends, and Mary was scheduling clients differently—“not seeing so many in a day ... not seeing them back to back. I won’t do that anymore.”"
self-care,post1950,b12a0ad0ff94,"Arming Beatrice. The group also used their meetings as a forum for self-care. At their fourth meeting, Beatrice brought forward an incident that involved a demeaning and personally painful encounter with a colleague that left her feeling hurt and diminished. She expressed her reluctance to challenge her antagonist, noting that others also avoided direct confrontations with this coworker. The meeting centred on supporting Beatrice and then exploring options as to how she could better negotiate these troubled waters. As a result, Beatrice departed with what she described as “a coat of armor” that would serve her well in future encounters with this particular colleague."
self-care,post1950,d71fb90b4f5b,"During their evaluative meeting with the facilitator, Mary, Beatrice, and Julie unanimously espoused the self-care benefits of peer collaboration groups. Combining their professional knowledge of group dynamics and their need for a safe place for personal sharing, the three women had created a unique space for themselves: “a self-care place, where we just sit and talk”; where there was honest sharing, even “in areas that we’re not sure about”; where there was “confidentiality and trust.” They didn’t have “to worry about [clients’] or anyone else’s needs”; they didn’t necessarily “need to find the answers,” but each knew that the group had her “best interests at heart.” This safe place “soothes my soul at some levels,” reported Beatrice. At the same time, she found it “regenerating.” Julie also praised the peer group’s “reinforcing ... very energizing” qualities."
personal development,pre1950,08cebf5c0f61,"A person’s social growth should keep pace with his intellec- tual development; otherwise, he does not realize the full use of his abilities, for his behavior and appearance belie his in- telligence. Our schools could do a great deal toward the pre- vention of personal tragedies if they would include classes in social usage in their curriculums. Most young people welcome the opportunity to study a subject that teaches them to meet adequately and satisfactorily the social situations likely to con- front them in present-day living. Antisocial behavior can usu- ally be traced to ignorance and a feeling of insecurity rather than to indifference. Most teen-agers want to be courteous and well groomed."
personal development,pre1950,80b32b31f277,Is Personal Development the Best Social Policy ?
personal development,pre1950,8baac490c144,IS PERSONAL DEVELOPMENT THE BEST
personal development,pre1950,d852859715a6,"TTHE Chinese have a fable of a country ^ where all the people go about on one leg; there are niany such countries—^people who travel on one idea like individualism or socialism. Personal development is the best social policy if it is the best personal development. One cannot be a Christian alone, it has been said; some find it too hard no matter how muqh company they have. One cannot be an5rthing alone. We are individuals, persons, only so far as we have achieved union with others. Each one of us is an individual in the exact degree that he has relations outside of himself. . We increase as we add tie to tie as mother, father, brother, sister, lover, citizen, buyer, seller, partner, member of the"
personal development,pre1950,783fba35dc8a,"Browning Society. It is our relations to others that give us that which we call personaHty. Without all these we could be nothing, as in the legend those human beings whom a cruel experiment has brought up in silence and isolation are said to mature into gibbering idiots. Nothing is so fatuous as a scheme of personal development which places itself above social policy, nothing so unintellectual, nothing so vulgar. Avarice is the essence of vulgarity, says Emerson, and this is the essence of avarice. The leader gets as well as gives. As numerous as the silent poets whom Wordsworth sang are the single leaders who had everjrthing needed for leadership except followers."
personal development,pre1950,0eaa76593759,192 Is Personal Development
personal development,pre1950,1397b095d48f,194 Is Personal Development
personal development,pre1950,48e832dd4bc8,"The most foolish of the misers hoarding idle gold that might increase and multiply are we who in our most beloved phrase ""make money"" out of our fellowmen. Every man, every acre, every mill kept idle is a foimtain of wealth drying up; our losses in the energies that run to waste in the idleness of the unemployed, in the crops that are never harvested, in the parks of the lords, in the factories closed to restrict the over-production of shoes among an unshod people, in the coal mines shut down in a world not yet half warmed, are the prices we pay for a personal development without social policy. Worst of all our idlenesses—^worse than our idle lands and idle hands—^are our idle hearts."
personal development,pre1950,a1c022854022,"A true and full personal development is not possible to any person through himself alone; only society can open and guarantee the race de la carriere ouverte. In the old South, the best that a slave could be was to be the best slave. It was the social environment created by the pen of Abraham Lincoln on New Year's day, 1863, that made it possible for the yellow boy who lay at night cold, hungry, tired, and sleepless under the sidewalks of Richmond in the winter of 1872, to become our Booker T. Washington of Tuskeegee. There are today millions of white boys and girls and men and women doomed never to realize themselves, because their Abraham Lincoln has not yet come to sign the proclamation of that wider emancipation for which the world today is holding its breath. In their poverty we are poor, in their uncleanness we are unclean, in their ignorance our knowledge comes to naught. The pestilence that robs the millionaire's home of its darling, rose in the slums he saw every day and left unredeemed. The Poland which the Republic of the west saw dismembered breeds out of its despair the hand that strikes down the President of that Republic."
personal development,pre1950,01c6e4b43e4c,196 Is Personal Development
personal development,pre1950,ddc8ec5468c2,198 Is Personal Development
personal development,pre1950,f9e298bc3ec8,"TTHE Chinese have a fable of a country * where all the people go about on one leg; there are many such countries—^people who travel on one idea like individualism or socialism. Personal development is the best social policy if it is the best personal development. One cannot be a Christian alone, it has been said; some find it too hard no matter how much company they have. One cannot be anything alone. -^ We are individuals, persons, only so far as we have achieved imion with others. Each one of us is an individual in the exact degree that he has relations outside of himself. We increase as we add tie to tie as mother, father, brother, sister, lover, citizen, buyer, seller, partner, member of the"
personal development,pre1950,317fefb0fb05,"Browning Society. It is our relations to others that give us that which we call personality. Without all these we could be nothing, as in the legend those human beings whom a cruel experiment has brought up in silence and isolation are said to mature into gibbering idiots. Nothing is so fatuous as a scheme of personal development which places itself above social policy, nothing so tmintellectual, nothing so vulgar. Avarice is the essence of vulgarity, says Emerson, and this is the essence of avarice. The leader gets as well as gives. As numerous as the silent poets whom Wordsworth sang are the single leaders who had ever)rthing needed for leadership except followers."
personal development,pre1950,0e0c83ecf07f,"The most foolish of the misers hoarding idle gold that might increase and multiply are we who in our most beloved phrase ""make money"" out of our fellowmen. Every man, every acre, every mill kept idle is a fotmtain of wealth drying up; our losses in the enei^es that nm to waste in the idleness of the tmemployed, in the crops that are never harvested, in the parks of the lords, in the factories closed to restrict the over-production of shoes among an xmshod people, in the coal mines shut down in a world not yet half warmed, are the prices we pay for a personal development without social policy. Worst of all our idlenesses—^worse than our idle lands and idle hands—^are our idle hearts."
personal development,pre1950,d05ac52e40ed,"A true and full personal development is not possible to any person through himself alone; only society can open and guarantee the race de la carriere ouverte. In the old South, the best that a slave could be was to be the best slave. It was the social environment created by the pen of Abraham Lincoln on New Year's day, 1863, that made it possible for the yellow boy who lay at night cold, htmgry, tired, and sleepless under the sidewalks of Richmond in the winter of 1872, to become our Booker T. Washington of Tuskeegee. There are today millions of white boys and girls and men and women doomed never to realize themselves, because their Abraham Lincoln has not yet come to sign the proclamation of that wider emancipation for which the world today is holding its breath. In their poverty we are poor, in their imdeanness we are tmclean, in their ignorance our knowledge comes to naught. The pestilence that robs the millionaire's home of its darling, rose in the slums he saw every day and left imredeemed. The Poland which the Republic of the west saw dismembered breeds out of its despair the hand that strikes down the President of that Republic."
personal development,pre1950,e73440d69eda,PERSONAL DEVELOPMENT.
personal development,pre1950,ead01ae51690,Digitized by LjOOQIC PERSONAL DEVELOPMENT.
personal development,pre1950,69393a04eedf,Personal Development. 97
personal development,pre1950,b79c477ca432,"Personal Development, 99"
personal development,pre1950,1b914c6c6748,"Personal Development, loi"
personal development,pre1950,775a59a04172,Personal Development. 103
personal development,pre1950,677e2ac54726,"Personal Development, 105"
personal development,pre1950,dbd1bbf2fab8,Personal Development. 107
personal development,pre1950,8bacb6a32c8c,"There is a realm of inquiry—indeed, there are many realms of inquiry—where the opinions and speculations of one man are just as valuable as those of another man —no more so, no less—for those of both are valueless. The speculations of such a man as Mr. Tyndall ,pn the origin of life attract a great deal of attention; yet Mr. Tyndall knows just as much about the origin of life as the apple-woman on the corner, and no more. The speculations about development and atoms, and molecules, form, perhaps, an elevated amusement. They are better than the Hippodrome and the Negro Minstrels, without being more instructive. It is better to speculate on the atomic theory than to play battledoor and shuttlecock. It is better to speculate a personal God out of the universe than to go on a spree—better to ignore his work than to mar it. But the whole thing rises no higher than elevated amusement. It does not give even the smallest basis for sound opinion. All these speculators, wrapped around with scientific reputations, battering vainly against the limits of thought and scientific knowledge, and coming back with their reports of having seen something more than their fellows, are pretenders—to be praised, perhaps, for their enterprise, but laughed at for their conclusions."
personal development,pre1950,26dcc414c405,IS PERSONAL DEVELOPMENT THE BEST SOCIAL POLICY ?*
personal development,post1950,d503850e7f48,"The reasons were further explored through interviews with students. In the area of personal development, improved self-esteem and greater confidence tended to validate experiential learning and, while promotion did not feature as a priority, course involvement greatly enhanced employability. In the area of continuing professional development, the progression rates of students were taken as an indicator of the success of the courses in providing adults with a secure environment in which to study. A survey of course completers at Certificate and/or Diploma level since 1997 indicated a substantial progression rate to further studies. Change at the ideological and activist level was evident from all respondents in relation to the work conducted at their centers and to a lesser extent in the broader community. Students used course work to improve working conditions and the quality of training they provided to trainees. (Contains 11 references.) (YLB)"
personal development,post1950,7111391f19e2,• Personal development
personal development,post1950,0905cf8aef61,Personal Development
personal development,post1950,f75b97286759,"Research conducted in University College, Cork in 1996 with reference to adult education and empowerment, examines the dimensions of personal change from four perspectives, namely, instrumental, expressive, ideological and activist. (O'Fathaigh and O'Sullivan, p. 185) The growth in personal development and continuing professional development looked at the instrumental and expressive nature of this change as it applied to our students."
personal development,post1950,3f42dd71cc87,"It might be assumed that people undertaking a course in education and training are interested primarily in gaining a qualification and getting permanent jobs. The research indicates that this is secondary to the growth in self-esteem and personal development. These results are even more relevant in light of our previous research, which indicates that only 17. 65 % of Further Education co-ordinators surveyed hold a permanent position and up to 85% of trainers fall into the part-time category. (McNamara, et al, pl2-14)"
personal development,post1950,1716430b3393,One student spoke of the impact on her personal development in terms of her growth in self-esteem in dealing with figures of authority.
personal development,post1950,21ec056eec5d,file:///C|/WINDOWS/Desktop/esrea/papers/esrea_paper_3.htm (5 of 11) [17-08-2001 11:55:17] The impact of the courses on my personal development has been tremendous. My confidence has increased enormously when dealing with the C.E.O. and members of the D.O.E. I am more than able to refute their arguments andfeel much more comfortable in articulating my own views. I also think that the qualification in FE gives credence to what you say. People in authority take you more seriously and you have a lot more clout.
personal development,post1950,d312053f247c,"Many of our students work in the area of personal development. An evaluation conducted by one of our students into courses delivered to pre release prisons, elicited an interesting comment from one of the prisoners in the area of personal development and self esteem. In conversation with the researcher about the course content of pre release courses, he referred to courses in personal development as ""the only thing the system can do to help people develop themselves."" He went on to state that "" I can't understand how people giving pre release courses, how they haven't got the qualifications in personal development. I know they're experimenting, right."" Such a comment clearly identifies the need to ensure that the self-esteem of our students is developed during our courses if they are going to provide help to their own students. This point is picked up in a comment from a diploma graduate working in the area of Personal Development within the Youthreach sector."
personal development,post1950,213085e02566,"Working in the area of personal development, return to work and complementary medicine,"
personal development,post1950,ea4c35e6682c,"The research highlighted a further unexpected outcome. The format of our courses from an androgogical perspective places much emphasis on small group interaction, discussion and presentation. This feature of the course was chosen to illustrate an increase in self- esteem and personal development by one graduate from the disability sector. A. has already got a degree and falls into the 20-30-age category. For him the key benefit of the course resulted from this delivery format."
personal development,post1950,e46e9f62ebf4,"The importance of the studied problem is determined by the fact that the influence of the deviant environment on society, the spread of its morality, a psychological «exposure» of a less stable part of the population, that is teenagers and young adults, all this is - a reality of the contemporary social situation. The study of problems connected with the personality formation in teenage years and adolescence, the effect of social relations on the deviance manifestation acquires a great significance. Due to it, this article is directed towards the study of life situations in teenagers and young adults who are predisposed to deviant behavior for the purpose of verifying the hypothesis about the presence of specific features in a person who is predisposed to deviant behavior which was linked to life situations which the person’s life goes through. In the framework of completing the goals set before the study the comparison of types and categories of life situations was conducted as well as the average time of retrospection and anticipation in young people who are predisposed or not to deviant behavior. The results of the comparative analysis of various sample groups of teenagers and young people are given in the conclusions among which the most significant item is the lesser time of anticipating events in young people who are susceptible to deviant behavior which is explained by a less clear life prospect and as a sequence by a lesser level of purposefulness of their own life activity. The leading approach to the study of this problem is holistic, systemic and dialectic approaches which provide integrity and comprehensiveness of the study based on a holistic personal development that takes into account the history of a personality. The materials of the article are of practical importance for psychologists, social workers and staff members of educational institutions that carry out work with teenagers and young adults who are prone to deviant behavior."
personal development,post1950,257c4e0d3822,"manifestation in various forms. That is why, the study of the deviant behavior phenomenon insistently requires researchers’ attention to its manifestation in all possible forms and at different stages of a person’s development, however, it is especially important to study it in teenage years and in adolescence. In view of this, it requires theoretical understanding of the phenomenon “deviant behavior”, and empirical verification of specific features of its manifestation in various conditions. In a theoretical aspect, at present, it is impossible to understand behavior beyond consideration of interrelation of personal and situational factors since there is an uninterrupted link between a person and his life’s conditions."
personal development,post1950,f69f14c36ca2,"The data of difference show that young people who are prone to deviant behavior have a less bright or joyous perception of events linked to the parental family. Major forms of events which are named by young people prone to deviant behavior are parents’ bickering, one parent’s abandonment of the family. All these are the main causes of the normal development deformation and inclination to deviance from a commonly accepted way of life. Not good relationship in the parental family tells without fail upon the attitude of the young people to marriage and this can be seen from lower values in event types “Marriage” among young people prone to deviant behavior. Common deviant orientation of young people also tells upon a less positive attitude to a job. However, it is worth noting that we see greater values in young people prone to deviant behavior in the type of events “Me” that is associated first of all with the identity search and an aspiration to assert themselves which also explains higher values of personal and psychological event types."
personal development,post1950,ea4364d04c35,"Besides, revealed peculiarities of the type’s significance and categories of life situations confirm the hypothesis of interrelation between personal and situational factors with the orientation to deviant behavior. This additionally testifies to importance of a chosen way of life on the personality formation and guiding his entire life and destiny. The importance of the social environment influence on the development of a non-deviant personality once again confirms the necessity of developing a planned preventive approach to young people’s socializing."
personal development,post1950,11d8e4a61e60,"Postsecondary education programs have increased opportunities for students with and without intellectual disabilities to study abroad as inclusive classes. Using open-coding qualitative tech¬ niques, the authors examined an inclusive study abroad group’s daily reflective journals during a study abroad trip to London and Dublin. Three shared categories emerged from analysis: personal development, bonding/social inclusion, and learning from English and Irish adults with intellectual disabilities. Each group reported two distinct categories as well. Students with intellectual dis¬ abilities described the importance of mobility/transportation and fun, while their classmates without intellectual disabilities described the importance of inclusive learning and an increasing awareness of barriers to full participation for people with disabilities. Student-constructed cate¬ gories are used to describe the benefits of inclusive study abroad and build future inclusive international opportunities."
personal development,post1950,50a1ab3674e2,"The goal of coding was to summarize students’ experiences and create a more parsimonious data set—one where several sentences used for describing a single incident were reduced to sin¬ gular phrases: initial codes. Initial coding, therefore, focused on written incidents within journal text. Sometimes incidents were captured in a single line of text, but often they were distillations of multiple sentences. The goal was not to replace students’ experiences but to interpret the essence of statements while assuring codes remained connected to raw data. Peer support journals yielded 233 initial codes. When common codes were combined, they formed 21 categories that were further synthesized and reduced in the axial coding (Strauss, 1987) stage to five major categories. The categories were as follows: (1) inclusive learning, (2) barrier awareness, (3) personal growth/ development, (4) bonding/social inclusion, and (5) learning from experiences of English and Irish adults with intellectual disabilities."
personal development,post1950,6d946c10816a,"The students with intellectual disabilities also made journal entries either through typing (with and without the assistance of their fellow students without intellectual disabilities) or through dictation (which was then typed by a student without intellectual disabilities). From these entries, 87 initial codes emerged. Similar codes were collapsed into major categories through the axial coding stage of grounded theory. Like their classmates without disabilities, five major categories emerged from written reflections. Moreover, three categories similar to their classmates’ cate¬ gories emerged. The five categories were as follows: (1) mobility/transportation, (2) bonding/ social inclusion, (3) learning from experiences of English and Irish adults with intellectual dis¬ abilities, (4) personal growth/development, and (5) fun."
personal development,post1950,8869ed55ba22,Personal growth and development
personal development,post1950,db2861e35a07,"opportunities for independent travel where students directly confront the unknown and learn from their challenges. All students described the benefits of adequate academic, professional, and personal challenges. Challenges helped students use their strengths and believe in their abilities, whether addressing international audiences or navigating new cities (personal growth and devel¬ opment and transportation experiences). Students described opportunities for freedom and mod¬ erated risk as contributing to their professional and personal development. Leaders of international study have the choice to provide enough guidance to assure students avoid frustration and enough challenge to assure that students have an opportunity to grow, much the same balance noted by Supports who met SWDs’ support needs."
personal development,post1950,b277aeecc734,"This preliminary report discusses a study designed to test whether improved •organizational problem solving could be produced in a school faculty by training in interpersonal communication skills. The training intervention, in a junior high school, used exercises designed to increase awareness of interpersonal and organizational processes. Rather than attempt to improve the personal development of individuals, the goal was to increase the effectiveness of the faculty as a working body. Issues that thwarted organizational functioning included: (1) Insufficient role clarity of the principal, vice principal, counselors, and department coordinator's: (2) failure to draw on staff resources, especially between academic departments; and (3) low staff involvement and participation at meetings of committees, departments, and full faculty. Posttraining questionnaires pointed to favorable improvement. A related document is EA 002 557. (LN)"
personal development,post1950,152b00363450,"An intervention was aimed at improving the flexible organizational problem-solving of a junior high school faculty. It was pointed toward organizational development, not personal change. Even though the emotional reactions of faculty members were considered* in designing* the training events, our intervention remained fixed on organizational roles and norms and their interrelationships. We hoped to learn whether improved organizational functioning could be produced in a faculty by integrating group training in communication and problem-solving with the normal business of the school. We began our intervention just prior to"
personal development,post1950,7af7d891c02b,"sensitivity training or the T-group. Personal development was not our target. We did not attempt to improve the interpersonal functioning of individuals directly; when this occured, it was incidental. Our targets were the faculty as a whole and several sub-groups within it. We sought to increase the effectiveness of gx’oups as task-oriented entities. We tried to teach sub-groups within the school, and the faculty as a whole, to function more effectively as working bodies carrying out specific tasks in that particular job-setting. This strategy of training was supported by a recent review of research by Campbell and Dunnette (1968) on the transfer of skills from T-groups to organizations. They found that a"
personal development,post1950,2e873e026e31,"The training events in our intervention were aimed at improving the organizational problem-solving of a school faculty. The feature that most sharply sets this intervention off from other laboratory training events is that natural work-groups, not individuals, were trained to be more effective. The intervention attempted to influence ways in which the entire faculty or its sub-groups carried out their job-related tasks in the context of the school. This was, in other words, a training intervention pointed toward organizational development, not personal development. At the :same time, it is an inosoapable truism'that role occupants are persons and that the trainees are persons. It is only an abstraction, a way social scientists conceptualize things, to say that roles are different from the persons in a particular organization. Persons sometimes invest so much of their personal existence in a role (and this is perhaps particularly true of educators) that strong emotional reactions enter into organizational change of any kind. But even though the emotional reactions of persons always must be considered in designing even organizational development, our target remained fixed on roles and norms and their relationships. Organizational training as we conceive it aims at rearranging, strengthening, or in some way refurbishing the relationships among people in various positions in the school."
personal development,post1950,465065ce8749,"(2) Structured skill activities. The macro-design called for a sequence of training events that started with games and structured skill activities and moved to first steps in solving real organizational problems. This sequence appears to have worked well in two ways. First, we think that faculty members who attend a training event as a duty rather than by self-selection find their ways into new interpersonal modes more easily via structured skill exercises than through less structured experiences demanding more personal commitment such as the traditional T-group. The skill exercises were chosen because each one, in microcosm, demonstrated organizational issues reminiscent or role relationships in the school. An unstructured T-group probably would have led into considerations of particular interpersonal relationships within the staff; these, we believe, would have set the stage for personal development orientations and would have led away from a focus on organizational problems. Second, the results of the exercise led rather naturally into back-home problem-solving and seemed to set the stage for the choices of increasing role clarity, using staff resources, and increasing staff participation at meetings. Unstructured activities probably would have led into work on relationships between certain persons and led away from our goals of working at the organisational level."
personal development,post1950,63479f2170ee,"A national survey of state education agencies uas undertaken in 1976 to ascertain policies and programs in tie area cf ethical-citizenship educaticn (ECE) • The ob jective of the survHsy vas to investigate the relationship of national public opinion in favor of^ moral e'ducation to'fetate education agency attempts to develop ECE ptogtaffls. Forty-six states responded tp the guestionnaire^ Questions centered on six are^s: (1) state interest in ECE; (2) state gba-l^ in ECE; (3) current efforts in ECE at the state'and local levels; (Q) funding sources;^ (5) type of assistance fanned for ECE by the estate, if funding becomes available; and (6) name of person to contact for ^ further information.,Analysis of the £C£ data revealed 13 jcclicy areas shared by the majority of responding states. Ihese included th^t ethical/values, education must be integrated vith citizenship-\ education; nev developments in the behavioral sciences should be used in ECE curricula; and schools should^teach tbe skills uhich enable . students to think and act consistently vith.American civic ethics. Subject areas identified as being relevant to £C£ objectives wer^ Values education, moral reasoning, personal development, prosx>cia:l education, lawtelated education, community, educaticn, school-community education, economic-political education, and consumer education. (Author/DB) ^ \^ '"
mindfulness,pre1950,fda035aa7273,IV. MINDFULNESS OF OUR DESTINY . . . .
mindfulness,pre1950,58515f59d652,MINDFULNESS OF OUR DESTINY.
mindfulness,post1950,685d186d40ce,"The Developmental Democratic Planning (DDP) model frames educational planning as a process that extends beyond the immediate focus of a particular planning effort to acknowledge and cultivate the potential of all members of the organization to fulfill their roles as active participants in the democratic life of the organization. The DDP model construes educational planning efforts as a vehicle for enacting organizational change. To create a democratic planning culture, educational leaders cultivate and promote approaches to organizational leadership and planning that include (1) the leadership dispositions of hospitality, participation, mindfulness, humility; and (2) the organizational dispositions of mutuality, appreciation, and autonomy."
mindfulness,post1950,2fef7eb56e37,"Central to this model is the idea that a democratic culture serves organizational ends beyond the immediate focus of a particular planning effort. Woods (2005, 2006) describes such ends in terms of democratic rationalities: ethical rationality, decisional rationality, discursive rationality, and therapeutic rationality. The cultivation of such ends demands alternative approaches to organizational leadership and planning, approaches that are described here in tenns of democratic dispositions (Brookfield & Preskill, 2005; Johnson & Hess, 2010). Included among those dispositions are (1) the leadership dispositions of hospitality, participation, mindfulness, and humility; and (2) the organizational dispositions of mutuality, appreciation, and autonomy. Importantly, the leadership dispositions influence the disposition of the organization (of note, the reverse can also be true). In a democratic culture, the two types of dispositions can interact in a synergistic manner, with each supporting the development of the other and resulting in a culture of certainty within organizations - certainty of forward movement, of common vision, and of commitment to a democratic process."
mindfulness,post1950,89bc0cdf611a,"As educational leaders engage in the work of leading and planning inside a Developmental Democratic Planning model we believe certain depositions help facilitate the model’s success. These include Hospitality, Mindfulness, and Humility."
mindfulness,post1950,7770842d98c3,"Mindfulness. It is our position that an educational organization is different from a business organization. Cuban (2004) argues that “one difference between education and business is the values that draw people into the two fields” (p. 122). Specifically, Cuban notes that many people enter the field of education with the “ideal of serving the young” (p. 122). For him, people who enter the world of business do so for other values; he notes that these values are “not better or worse, just different” and may include the “love of competition” and “the rewards of. . ."
mindfulness,post1950,ff444fd88b60,"successfully building a business” (p. 122). We argue that an educational leader should remember this distinction and strive to develop the disposition of mindfulness, especially when engaged in planning activities. Specifically, Brookfield and Preskill argue that “mindfulness” means paying attention to the thinking and contributions of others. When educational leaders apply this idea to planning, we practice the art of curbing, holding “...in check our desire to express ourselves fully and vociferously” (p. 11) and allowing others the space for full expression. For us, this means being attentive to the discourse, ideas and experiences of those in our organization. In this way, our daily leadership example is consistent with the ideas of DDP as we model and develop the democratic capacity of those around us. In practicing mindfulness, we understand that “it doesn’t mean compromising our principles or remaining quiet at all times . . . but it does oblige us to pay close attention to what others have said” (p. 11) when they share their ideas, experiences and insights. It is our contention that mindfulness is a core leadership practice in the DDP model related to the development of individual agency and action on the part of members."
mindfulness,post1950,b6a4eb33d2d0,"As organizations engage in initiatives, a planning process inevitably occurs (whether consciously and deliberately or not) involving both fonnal and infonnal actions and activities within the organization. The Developmental Democratic Planning model discussed in this paper purposely engages leadership and organizational dispositions to maximize participation at all levels of the organization and move forward individual and organizational ends that transcend the planning effort itself (specifically, ends that cultivate and support democratic ways of being and doing throughout the organization). Actively practicing the leadership dispositions of Hospitality, Mindfulness, and Humility and cultivating the organizational dispositions of Mutuality, Appreciation, Participation, and Certainty are integral to the development of a democratic organizational culture. Planning that models and is enacted within a democratic culture facilitates outcomes that are both immediate (i.e. goals of the specific initiative) and long tenn (i.e. participation from all levels of the organization) thus promoting and sustaining ongoing democratic planning. The result of such a process is an organization that embraces planning as an integral part of its ongoing work and institutional mission, and embraces democratic practice as key to its planning processes and to all other work within the organization."
mindfulness,post1950,500173fd347e,"Mindfulness and acceptance-based interventions have been used in social anxiety treatments with initial success. Further research requires the psychometrically sound measurement of mechanisms of change associated with these treatments. This research was conducted to develop and evaluate such a measure, the Social Anxiety - Acceptance and Action Questionnaire (SA-AAQ) which was created to assess acceptance specific to social anxiety symptoms. The results indicated that the SA-AAQ has good internal consistency and good convergent and divergent validity. Findings suggest that the SA-AAQ is a psychometrically sound instrument proposed to measure acceptance of social anxiety symptoms, a potential mechanism of change in mindfulness and acceptance-based interventions for social anxiety. Keywords: anxiety, social anxiety, mindfulness, acceptance, acceptance and commitment therapy (ACT)"
mindfulness,post1950,88189a40bdfc,"Social anxiety disorder (SAD) is characterized as a persistent fear of negative evaluation in social situations. This chronic condition is the fourth most common psychiatric disorder (Kessler, Berglund, Demler, Jin, & Walters, 2005), and is most often treated using cognitive behavior therapy (CBT). Although CBT has been widely demonstrated as efficacious for treating social anxiety, many individuals with social anxiety do not benefit from this treatment modality or only experience minimal improvement (Flofmann & Bogels, 2006). Therefore, clinicians and researchers have been drawn to other approaches to treatment, including mindfulness and acceptance-based interventions."
mindfulness,post1950,c6d98e9a8f4b,"Briefly, mindfulness can be described as intentional present moment awareness and a sense of nonjudgmental acceptance towards life’s events (Kabat-Zinn, 1994). Mindfulness is a concept derived from eastern spiritual traditions, and has increasingly been incorporated by clinical researchers into interventions that are applied in medical and mental health settings. The acceptance component is of particular importance to the current study, and is often conceptualized along a continuum. The scope of acceptance ranges from experiential avoidance (or a lack of acceptance), where an individual is unwilling to remain in contact with internal experiences (such as thoughts and feelings), to acceptance, where an individual actively experiences his/her internal events (Flayes, Strosahl, & Wilson, 1999)."
mindfulness,post1950,0131c93bbd5c,"Mindfulness and acceptance-based treatments, including acceptance and commitment therapy (ACT; Flayes et al., 1999), have emerged as efficacious for a wide spectrum of clinical disorders (Baer, 2003). ACT evolved from CBT and has retained some of its fundamentals, such as exposure (albeit following a different rationale), and builds upon them. Specifically, ACT aims to help clients increase acceptance of thoughts and feelings, choose valued directions for their lives, and commit to actions which are consistent with those values (Flayes et al., 1999). Within the ACT model, mindfulness and acceptance are related and distinct strategies used to increase psychological flexibility, or the ability to be aware of the present moment, in the pursuit of valued goals (Lillis, Flayes, Bunting, & Masuda, 2009). The goal of acceptance may be particularly significant for psychologists because disruptions in the acceptance component appear to be relevant in psychopathology (Flayes, Wilson, Gifford, Follette, & Stosahl, 1996)."
mindfulness,post1950,e2767ae87af9,"A growing body of research has provided evidence for the usefulness of mindfulness and acceptance-based interventions specifically in the context of social anxiety (Bogels, Sijbers, & Voncken, 2006; Dalrymple & Flerbert, 2007; Flerbert & Cardaciotto, 2005; Kocovski, Fleming, & Rector, 2009;"
mindfulness,post1950,82a51c795e32,"Koszycki, Benger, Shlik, & Bradwejn, 2007; Ossman, Wilson, Storaasli, & McNeill, 2006). These findings in support of mindfulness and acceptance-based treatments for social anxiety are encouraging; however, further examinations of such interventions are necessary to build support for their use and also to address how these treatments work. Valid and reliable indices assessing mindfulness and/or acceptance are integral for understanding the mechanisms by which mindfulness and acceptance-based therapies result in beneficial changes."
mindfulness,post1950,403aade600c2,"In recent years, a number of general self-report measures of mindfulness and acceptance have been developed and validated (Baer, Smith, & Allen, 2004; Brown & Ryan, 2003; Buchheld, Grossman,"
mindfulness,post1950,3d7f243d2ccc,"Empirical literature has demonstrated that mindfulness and acceptance-based protocols have led to promising results in the treatment of social anxiety (Bogels et al., 2006; Dalrymple & Herbert, 2007; Kocovski et al., 2009; Ossman et al., 2006), yet further research is required. The lack of specificity of current measures makes it difficult to evaluate mechanisms of change within the intervention, which is an integral part of investigating therapeutic efficacy. In order to further examine the use of such treatments, it is necessary to measure acceptance specific to the complaint being treated. Therefore, this study was designed to address these shortcomings within the literature."
mindfulness,post1950,4b5d268a7e38,"The second study was conducted to provide support for the validity of the SA-AAQ. This was done by administering relevant measures concurrently and examining the relationship between the SA- AAQ and these other instruments. Because increased acceptance as measured using the AAQ has been positively associated with measures of mindfulness (e.g., Kentucky Inventory of Mindfulness Skills;"
mindfulness,post1950,5fb689163039,"general measures of mindfulness and conversely, that it would correlate negatively with a measure of thought suppression. In addition, the AAQ has been shown to be significantly negatively correlated with measures of psychopathology, namely anxiety and depression. Thus, it was expected that the SA-AAQ would correlate negatively with measures of social anxiety. Due to the design of the SA-AAQ measuring acceptance unique to social anxiety, it was also expected that the SA-AAQ would be less associated with a measure of depression than with measures of social anxiety."
mindfulness,post1950,f9f4d2fc5191,"Procedure. The Social Anxiety - Acceptance and Action Questionnaire (SA-AAQ) was designed to assess acceptance of social anxiety symptoms, or the extent to which an individual is aware of thoughts and feelings about their social anxiety without attempting to change them. This measure was developed by examining existing mindfulness and acceptance and related measures and adapting items to be more specific to social anxiety. Of paramount importance in this process was the 16-item version of the Acceptance and Action Questionnaire (AAQ; Bond & Bunce, 2003). Items from this measure were only slightly modified in order to measure the same construct specific to social anxiety. Additionally, items were adapted from other scales, including the Body Image-AAQ (Sandoz, 2010), the Nonjudging of Experience subscale of the 5-Factor Mindfulness Questionnaire (Baer, Smith, Hopkins, Krietemeyer, & Toney, 2006), the Struggle and Control- Trait questionnaire (Rodebaugh & Heimberg, 2006), the White Bear Suppression Inventory (Wegner & Zanakos, 1994), the Philadelphia Mindfulness Scale (Cardaciotto, Herbert, Forman, Moitra, & Farrow, 2008) and the Experiences Questionnaire (Fresco et al., 2007)."
mindfulness,post1950,5fc56b02037d,The second study in the present research was designed to examine the validity of the SA-AAQ. The newly created SA-AAQ was administered concurrently with existing and empirically validated instruments. It was expected that (a) the SA-AAQ would correlate negatively with measures of social anxiety; (b) the SA-AAQ would correlate positively with measures of mindfulness and negatively with a measure of thought suppression; and (c) the SA-AAQ would be less associated with measures of depression than measures of social anxiety.
mindfulness,post1950,ef1c213824b1,"Mindfulness, acceptance, and thought suppression. The Acceptance and Action Questionnaire-II (AAQ-II; Bond et al., 2008) is a 10-item instrument designed to measure acceptance, or the lack thereof, and was developed to address psychometric concerns of the original version of the AAQ. This questionnaire has good reliability and yields a single factor (Bond et al., 2008). Higher scores on this measure indicate greater acceptance. The Mindful Attention and Awareness Scale (MAAS; Brown & Ryan, 2003) is a 15-item scale which measures the frequency of everyday mindful states, using both general and situation-specific statements. Participants are asked to rate how frequently or infrequently they have each experience on a scale ranging from almost always to never. Good internal consistency and validity have been found (Brown & Ryan, 2003). The 39-item Five Facet Mindfulness Questionnaire (FFMQ; Baer et al., 2006) measures five aspects of mindfulness, namely nonreactivity, observing, acting with awareness, describing, and nonjudging. Participants were asked to rate how true each statement is of them ranging from never to very often. Each of the five facet scales show adequate to good internal consistency (Baer et al., 2006). It was expected that the SA-AAQ would be positively associated with these indices of mindfulness. The White Bear Suppression Inventory (WBSI; Wegner & Zanakos, 1994) was included in the present study as it is believed that suppression is one possible antithesis of mindfulness. The WBSI is a 15-item scale which assesses chronic thought suppression. Responses are based on a 5-point Likert scale ranging from A (strongly disagree) to E (strongly agree). Wegner and Zanakos (1994) demonstrated that this instrument possesses good internal consistency. Due to the WBSI being scored such that greater scores indicate greater thought suppression, it was expected that the SA- AAQ would correlate negatively with this measure."
mindfulness,post1950,6d4be7845314,Note. SA-AAQ = Social Anxiety - Acceptance and Action Questionnaire; SPS = Social Phobia Scale; SIAS = Social Interaction Anxiety Scale; LSAS = Liebowitz Social Anxiety Scale; LSRDS = Liebowitz Self Reported Disability Scale; MAAS = Mindful Attention and Awareness Scale; AAQ-II = Acceptance and Action Questionnaire II; FFMQ = Five Facet Mindfulness Questionnaire; WBSI = White Bear Suppression Inventory; BDI = Beck Depression Inventory.
mindfulness,post1950,be86aada2dc2,Correlations between SA-AAQ and Mindfulness Measures (N = 339)
mindfulness,post1950,36361e1443a1,Note. SA-AAQ = Social Anxiety - Acceptance and Action Questionnaire; MAAS = Mindful Attention and Awareness Scale; AAQ-II = Acceptance and Action Questionnaire II; FFMQ = Five Facet Mindfulness Questionnaire; NONREACT = Nonreactivity subscale of the FFMQ; FFMQOBSERVE =
mindfulness,post1950,edb276ef549d,"Correlations between the SA-AAQ and the other measures in this study were predominantly in the hypothesized direction. As predicted, the SA-AAQ and measures of mindfulness were positively related such that higher levels of acceptance of social anxiety were associated with higher levels of general mindfulness. This provides support that the SA-AAQ is measuring a construct related to general mindfulness. The results of correlational analyses provide support that the SA-AAQ is strongly related to both social anxiety and mindfulness separately; however, regressions indicate that the SA-AAQ is unique to each of these. In addition, there was a significant negative correlation between the SA-AAQ and a measure of thought suppression, the WBSI. Thought suppression can be seen as an indicator of a lack of acceptance; therefore, the finding that increased SA-AAQ scores are related to decreased thought suppression adds weight to the notion that the SA-AAQ is indeed measuring acceptance. Similarly, the SA-AAQ was negatively related to measures of social anxiety, indicating that higher levels of acceptance of social anxiety symptoms is associated with lower levels of self-reported social anxiety symptoms. However, correlations between the SA-AAQ and measures of social anxiety were of a lower magnitude than correlations among the social anxiety measures, adding support that the SA-AAQ is not merely a measure of social anxiety. Taken together, these correlational analyses indicate that the SA-AAQ is assessing a construct related to both general mindfulness and social anxiety, supporting the validity of this measure."
mindfulness,post1950,be7208ef0194,"The purpose of the present investigation was to develop a measure of acceptance specific to social anxiety symptoms. The need for such an instrument was based on the paucity of complaint-specific acceptance measures. Further, the necessity of such a measure is predicated by the notion that the assessment of acceptance is difficult when it is decontextualized. Hayes (2008) has stated that individuals do not avoid abstract concepts such as “emotions” or “thoughts”; rather, they avoid such concepts in relation to particular contexts. An example of this may be thoughts of avoidance pertaining to potentially socially evaluative situations in the case of social anxiety. Hayes elaborates by stating that creating measures which are targeted to specific complaints may be necessary for researchers applying interventions such as ACT to their respective domains. Currently there are few domain-specific measures of acceptance and this was deemed a critical limitation within the area considering the growing number of researchers and clinicians investigating mindfulness and acceptance-based strategies within the context of certain complaints. Thus, the Social Anxiety - Acceptance and Action Questionnaire (SA-AAQ) was developed and evidence was gathered supportive of its validity in the current research."
mindfulness,post1950,91ab3b9683e1,"Following from the examination of the factor structure within the first study, one of the goals of Study 2 was to further clarify these findings. The results supported the hypothesis that a two-factor solution was indeed solely a method effect, and the SA-AAQ was determined to be a one-factor measure upon close examination of the factors. As mentioned, this effect has been seen not only in the acceptance domain (e.g., AAQ-II; Bond et al., submitted, and Body Image - Acceptance and Action Questionnaire; BI-AAQ; Sandoz, 2010) but also within other lines of psychological research (e.g., Rosenberg Self- Esteem Scale; Rosenberg, 1965). In addition, existing measures of mindfulness and social anxiety were administered concurrently to investigate the reliability and content validity of this newly created measure, and to compare this instrument to measures of related and unrelated constructs to evaluate construct validity. As hypothesized, the SA-AAQ was highly correlated with measures of mindfulness, acceptance and social anxiety, demonstrating that the SA-AAQ was measuring a construct related to these variables. Comparisons of correlations between the SA-AAQ, the AAQ-II, and measures of social anxiety indicated that the SA-AAQ may be a more sensitive measure of acceptance than the AAQ-II in the context of social anxiety. Regression analyses provided further support that this measure had a unique predictive ability beyond that of social anxiety, and of general acceptance, and was a valid and useful measure of social anxiety symptom acceptance."
well-being,pre1950,1a88bfd06e5a,PHYSICAL WELL-BEING
well-being,pre1950,fa3a33d31bea,"The Conditions of Well-being as taught in the Birkbeck Schools, and as they ought to be taught everywhere 33"
well-being,pre1950,f73e59df08a7,"In this world of mingled pleasure and pain, hope and fear, good and bad, love and hatred, peace and strife, truth and falsehood, knowledge and ignorance, it is gratifying to feel a conviction that the better elements ' of the mixture are daily gaining a preponderance. Everywhere around us we see things better done, well-being better provided for than, as far as we can learn from historical records, they were in former times. And when travellers and navigators return from foreign and distant lands, and narrate to us what they have seen and heard, we learn nothing to shake this cheerful conviction of ours, or to mortify us with the reflection that we are falling behind other nations of the earth in our progressive civilization."
well-being,pre1950,942ebe7fdffb,"In order not to be led astray into a purposeless inquiry, we will begin by asking ourselves what con- sequences can be rationally expected from Education. Education can neither alter the structure of the uni-' verse, nor our own organization. The utmost that it can do is to make us acquainted with that structure, with our own organization in relation to it, and how we should conduct ourselves so as to secure that amount of well-being which, as far as our knowledge tells us, is attainable; training us, at the same time, to the habits leading readily to that conduct which knowledge has recommended for our adoption. But if Education can accomplish this wherever it is brought to bear, and if it can be brought to bear generally, there will be little reason to regret that it can accom- plish no more."
well-being,pre1950,57d23678aa0f,"It is evident at once that Education, viewed as a means of conferring the knowledge and forming the well-being, will call forth methods far different from those which are adopted in an ordi- nary grammar-school. When parents begin seriously to ask themselves, in the matter of Education, the same questions that they ask themselves, each in his own special department of industry, they will soon see what portions of prevailing methods are susceptible"
well-being,pre1950,70c95978b318,"If a parent be an engineer, does he not accurately survey his ground, consider the relative merits of different expedients, calculate the strength, durability, and cost of material, estimate the means at his dis- posal, organize and distribute the labour under his command, and then only proceed to excavate his dock, build his bridge, or construct his railroad ? If he be a merchant, does he not so arrange his proceedings that whether he buy or sell, import or export, make or receive consignments, a balance of profit may be the reward of his industry? If he be the captain of a ship, does he not inform himself precisely and minutely concerning the seas to be traversed, the qualities of his ship, the nature of his cargo, the pro- ficiency of his officers and crew ? does he not inspect with scrutinizing eye his charts, compasses, chrono- meters, and other nautical instruments ; and, confiding in these and his own watchfulness and judgment, does he not look forward without fear to performing his voyage in safety ? Or if he contemplate emigration, does he not make every preliminary inquiry for the purpose of ascertaining the climate, the soil, and other peculiarities of the country which he is about to adopt, so that his preparations beforehand, and his exertions on landing, may as early as possible secure for him- self and his family that well-being of which he is in search ?"
well-being,pre1950,da17550b7196,"possible for the future well-being of their children. The means by which they think to attain the accom- plishment of their wishes may be ill-chosen and ill- adapted for the purpose; and even their conceptions of what constitutes well-being may be very imperfect, but their earnestness and good faith cannot be doubted. Thus much is certain, that all good parents desire well- being for their children, and look to Education as one ' of the chief means within their reach to bring it about. By Education they expect to influence their children's conduct : some kinds of conduct leading to well-being, other kinds leading away from well-being. But here a double difficulty presents itself. How are their children to know what conduct is good and what conduct is bad ? and how are they to become well disposed, that is, inclined to good and averse to bad conduct ?"
well-being,pre1950,973000e0444e,"What, then, is it desirable that all human beings should know in order to be able each to perform his share of the work required for the general well-being ?"
well-being,pre1950,3bea7b458047,"May we not safely say that everybody ought to have a general acquaintance with the qualities and uses of the objects that inevitably must, or probably will, be brought within the cognizance of the senses — with what the several elementary bodies, separately, and in different forms of combination, may be made the causes of — with the arts and industrial operations by which this knowledge is, and may be applied, in order to produce well-being — with the structure and functions of our own organization, considered both in its parts and in its integrity ? It need not be attempted or pretended to impart the whole of this knowledge in all its ramifications. Much of it must be reserved for special study and application by particular professions and trades. But a general apprehension of the struc- ture of the universe, and of man in his relation to it, with a minute and accurate knowledge, and a prac- tised and ready skill in the application of indispensable portions ought to be as much a provision made to await every human being, whose coming is expected, as the necessary food, clothing, and shelter."
well-being,pre1950,71f144267cca,"That portion of knowledge which is to be obtained by examining the structure and functions of the human V body separately and in connection with the external world — how the surrounding temperature, moisture, and air, act upon them — how we ought to deal with such materials as offer themselves to us for food, clothing, fuel, and shelter, in order to develop our strength, sustain our health, and infuse vigour and . energy into us, will readily be admitted into every course of instruction which is intended to comprise whatever is at the same time communicable and in- dispensable for our well-being."
well-being,pre1950,87c46db5bd86,"There is another portion of knowledge that must not be omitted. It can readily be shown that every man of us all greatly depends for his own well-being or happiness upon the conduct of his fellow-men, as they do, in their turn, upon his. The investigation of"
well-being,pre1950,d510de3e7343,"the consequences of this undeniable and important fact, leads to the discrimination between what conduct ^ ^ is good and what bad — leads to a thorough apprecia- \y^ tion of what are called the social duties. If, for example, it be seen that men are dependent for their well-being upon an abundant supply of food, clothing, shelter, and fuel, and that these can only be obtained by a general prevalence of industry, skill, knowledge, and economy, and that those who are deficient in these qualities must suffer from want, or procure relief from others who are pre-eminently gifted with these quali- ties, does it not follow that to work, to apply, to learn, and to save, are social duties? And if it be seen that division of labour, interchange, partnerships, buying and selling, and credit and confidence materially assist man in making his labour productive, does it notj /^' follow that honesty, fidelity, punctuality, and order,*^ are social duties? It need scarcely be mentioned, that, as drunkenness is sure to incapacitate for the ^ proper performance of these duties, so its opposite, ^ sobriety, must be classed among social duties. That a population knowing these duties and performing them will surely be in possession of abundant supplies of the necessaries and comforts of life, seems to be one of those truths so obvious that to enunciate it is enough. But it may be asked, — "" Will they who know always do what they ought?"" Our experience of man's history and nature forces us to admit, that, as ignorance causes good conduct to be improbable, so knowledge by itself does not necessarily prevent ill conduct. The consideration of what must be brought to co-operate with knowledge to make sure of good conduct, brings us to the second educational function — the training or forming the disposition. c 2"
well-being,pre1950,807319e6c1b3,"To succeed in training to good habits, the work must be commenced at an early period of life. The young, for whom training is requisite, are incompetent to the work, either to understand or to do what is needful for the purpose. As what they ought to be taught, so what they ought to be trained to, must be decided and {/regulated for them by others who already have the capacity which the young do not possess. It is given to few to form good, and correct bad habits, late in life. This is equally true of moral and intellectual, as of physical habits. The requirements of social life are so varied as to make it by no means necessary that every individual should have precisely the same lean- ings. On the contrary, there is scope for habits and qualifications numerous and various enough to suit all unavoidable diversities of character, did we but know and attend how to distribute and appropriate each so as to admit of its development in harmony with general well-being. These varieties, however, require to be linked to qualities that pervade all, without exception. The qualities which all men ought to possess, and to which, accordingly, all ought to be trained, are the disposition to labour, to learn, to inquire, to save, to fulfil engagements, and to obey the law. These and other congenial qualities united, as it may happen, with courage, strength, and vivacity, or with timidity, weakness, and sedateness, will form ingredients of character adapted to meet all social exigencies, and suit every possible circumstance, not only without disturbance, but greatly to the advantage of the general well-being."
well-being,pre1950,455622050f5a,"At the same time, all those who express their con- fidence that an Education efficient to produce a high order of well-being is attainable, ought to be cautious not to feed themselves with delusions under the sem- blance of confidence, nor by the glaring exhibition on their part of a vain confidence, to indispose others to enjoy the comfort of even so much confidence as is reasonable. To imagine to ourselves what kind of education we would have, is not to prove it to be attain- able. To say, or even to know, that it is attainable, is not to attain it. The very term ""attainable,"" seems to point to the consideration of the means of attain- ment ; and what those means are, must be known and understood by everybody who desires to form reason- able expectations for himself, or to inspire others with reasonable confidence. Besides, although good educa- tion may be attainable, there may be great difficulties in the way of its attainment. To ignore tliese diffi-"
well-being,pre1950,ea9e1ea6f98e,"It cannot be overlooked by anybody, that, among other accessories of good education, there must be an abundance of food, clothing, fuel, and shelter, as well as the specific co-operation of educators, purposely maintained and qualified, to contribute appropriate teaching and training. Whence are these accessories to come ? The young, for whose education they are needed, cannot provide them for themselves. Up to the age of thirteen, or even beyond, no call ought to be made upon any human being to contribute towards the supply of these requisites for his education. No labour up to that age ought to be enjoined, except with a view to industrial training, — the produce of such labour being taken rather as an incidental benefit than looked for as its object. Labour from the young beyond these limits can be obtained only by sacrificing or retarding some development — physical, intellectual, or moral — conducive to well-being. That the ac-"
well-being,pre1950,0dff802dd748,"A high state of civilization — a state which we have yet to look forward to — must be the effect of a large concurrence of causes, not of a single cause. Among these numerous causes, however, there is not one to be compared with that of correct opinion and sense of duty among parents. This cause being known to flourish in any community, it might almost be pre- dicated that all other causes of well-being would be clustered around it. Equally confident may we be, that wherever Barbarism is largely interspersed with Civilization, whatever other causes of evil may be in operation, among them will be found misconception or disregard of the parental duties."
well-being,pre1950,edc69c25fa1c,"What hope can there be of future well-being for children, when the parental duties are misunderstood or neglected ?"
well-being,pre1950,da50bad225fb,"Again, amid all our improvements, it is but as yesterday that the conviction is beginning to fasten itself upon us, that the only way to make sure of the conduct requisite for the well-being of society is by dealing with the causes of conduct. At best, to visit with punishment the effects of bad conduct can but exercise an uncertain and partial influence. Differ-"
well-being,pre1950,ea149ff70cf9,"and safety. I repeat directly^ not indirectly adapted. We hear, and may continue to hear, that Education, as at present conducted, tends to accomplish indirectly all that is insisted upon. But nobody ever pretended that indifferent Education is not better than no Education at all. What I do contend for is, that Education should be as perfect as possible, and adapted in its general scope, and in all its parts, to diffuse the know- ledge and conduct which are the causes of well-being, and to avert the ignorance and conduct which are the causes of misery^"
well-being,pre1950,eaaaad4f20aa,"THE "" CONDITIONS OF WELL-BEING,"" AS TAUGHT IN THE BIRKBECK SCHOOLS, AND AS THEY OUGHT TO BE TAUGHT EVERYWHERE.*"
well-being,pre1950,fd8419e09f2a,"But I will not conceal, either from you or from my- self, that the task which I have undertaken is more ambitious than any of those alluded to. Our present business is not with this or that branch of knowledge, nor with this or that application of one or more scien- tific developments, but it is while surveying the whole range of knowledge, and the entire experience of science as applied to the arts and practices of life and the estimated efiects of further applications, to explain their bearing upon human happiness, upon human well-being. Is it because I think myself competent to do justice to my theme, that I embark in it? As- suredly not. Rather, believe me, I undertake it in the conviction that there is work to be done — well done, if possible — but as well as possible, at all events. Not,"
well-being,pre1950,a364d6b4e6d3,"then, as ladies and gentlemen, nor as friends and neighbours, but as men and brethren do I appeal to your generous and kind consideration to bear with me while I do my best for our common advantage towards unfolding so much of the structure of the world in which we live, as to enable us to understand what are the conditions on w^hich well-being is ever to be ex- pected by man, individually or socially."
well-being,pre1950,f150f964e405,"doubts ? Is well-being attainable ? Is destitution avoidable ? Or within what limits is the one attain- able and the other avoidable? Is well-being for- tuitous or conditional ? and on what conditions is it to be had? Surely the interest attaching to these ques- tions, and the importance of satisfactory answers to them, will incline you to judge with leniency the attempt of anybody who approaches them in an earnest and truthful spirit."
well-being,pre1950,92742ec9776e,""" conditions of well-being"" ; and one of my objects iniwell-being."" To do this, I cannot avoid taking a cursory survey of the whole field of knowledge, that we may the better appreciate how far knowledge and well-being depend one upon the other. There are few among us, even the most ignorant_, who have not given some little attention to scientific research. Still smaller is the number of those among us who have not made use of the results of the science of others. I do not say taken advantage of, or bene- fited by, but simply made use of the results of science, because here and there we meet with persons who deny that science has conferred, or is conferring, any benefit upon us ; and it will be well not to pass over in silence an objection to science thus presented to us in the very threshold of our inquiry. For what we wish to do at this moment, is so to arrange our knowledge as to be able distinctly to appreciate its influence upon well-being, and whether we are derivino- benefit from it or not."
well-being,pre1950,e19c4029b82c,"all parts of the world — modified and combined by all kinds of culinary contrivance, wearing clothes for the fabrication of which the vegetable, animal, and mineral kingdoms have been ransacked, sheltering themselves in houses provided with numerous architectural, me- chanical, and other scientific contrivances, travelling by means of the latest combinations of scientific and administrative talent, availing themselves of the elec- tric telegraph for the conveyance of intelligence, and at the same time giving utterance to doubts whether all these results of industry, skill, and science have been conducive to well-being, we may be excused for feeling some little surprise at the apparent incon- sistency between practice and opinion, between con- duct and conviction, or perhaps we might say, not uncharitably, between conviction as exemplified in conduct, and the conviction as expressed in words. It is clear that, in order to arrive at any understanding with these objectors, we must ascertain what they mean by "" well-being,"" and if they will not tell us, we must then ask ourselves what we mean by that term."
well-being,post1950,f3a60cb57c02,"Changes in the policy context of limited income families’ lives have created new stresses at the intersection of work and family. Although numerous studies have investigated the impact that the quality of care may have on social and cognitive outcomes for children, few have investigated associations between care and parental well-being. Greenberger and O’Neil (1990) concluded that child-related concerns were more strongly related to the well-being of single mothers than married mothers, and that child-related concerns contributed to the prediction of maternal well-being independently from concerns about maternal employment. The NICHD Early Child Care Research Network (1999) concluded that the impact of child care on mother- child interaction was similar in size to the effects of maternal depression and child temperament. Recently, a study designed to assess whether welfare reform was meeting its goals of reducing mothers’ dependency on aid and boosting outcomes for children reports that young children are moving into low-quality child care settings as their mothers move from welfare to work, and that these young children’s early learning and development is limited by uneven parenting practices and high rates of maternal depression (PACE, 2000)."
well-being,post1950,6633d8fccc40,"This research used detailed interviews with limited income working mothers of infants 4 to 18 months old to learn about their work experiences, individual well-being, and perceptions of their infant’s experiences in child care. In addition to zero-order associations, a model in which Work Quality mediates associations between Family Stressors and perceptions of infant Care Quality was tested."
well-being,post1950,9a9f49cb70fd,"Procedures. Interviews were conducted in the homes of participating mothers. The interviews consisted of questions pertaining to demographic factors, child care experience variables, job variables, and child and maternal well-being. The interviews lasted approximately one to one and one half"
well-being,post1950,6cf6b382626c,"Greenberger. E. & O’Neil, R. (1990). Parents’ concerns about their child’s development: Implications for fathers’ and mothers’ well-being and attitudes toward work. Journal of Marriage and the Fmily, 52. 621635."
well-being,post1950,d5db8d99af7e,"Schuller, T (2000), ‘The Complementary Roles of Human and Social Capita’, in The Contribution of Human and Social Capital to Sustained Economic Growth and Well-being, OECD, http://www.oecd.org/els/papers/papers.htm"
well-being,post1950,ab37802ad26f,"Temple, J. (2000) ‘Growth Effects of Education and Social Capital’, in The OECD, in The Contribution of Human and Social Capital to Sustained Economic Growth and Well-being, OECD, http://www.oecd.org/els/papers/papers.htm"
well-being,post1950,f2b012d6741c,"Economic Outcomes’, in The Contribution of Human and Social Capital to Sustained Economic Growth and Well-being, OECD, http://www.oecd.org/els/papers/papers.htm"
well-being,post1950,321b91b55c9a,A Planning Guide for Improving the Well-Being of Young Children and Their Families
well-being,post1950,29804a95fb88,"Results and indicators are the ends we want for children and families. Results (or outcomes] are conditions of well-being for children, adults, families or communities. Indicators (or benchmarks] are measures that help quantify the achievement of a result. Strategies and performance measures are the means of achieving these outcomes. Strategies are coherent collections of actions which have a reasoned chance of improving results, and performance measures (or performance indicators] are measures of how well public and private programs, agencies, and service systems are working."
well-being,post1950,a6ce00c6e66b,Population: The SECCS Initiative is about the well-being of all young children and their families. Results: Results are conditions of well-being that the initiative aims to achieve.
well-being,post1950,ded778c21310,"This article examines the impact of culturally responsive pedagogy in an introduction to university course developed in collaboration with local and place-based First Nations communities, Aboriginal Access Studies and the Faculty of Education of the University of British Columbia’s Okanagan Cam¬ pus. In keeping with requests that Indigenous worldviews be incorporated into curriculum, the content of EDUC 104, modelled on the University of South Carolina’s University 101 Programs, was adapted to incorporate Indig¬ enous traditions of teaching and learning. The introductory course included a holistic approach aimed at supporting the social and emotional well-being of students. Facilitated by peer mentoring, collaborative circles of learning introduced seminal concepts and facilitated the progressive use of newly learned skills. As part of a longitudinal research, the following presents the content of interviews conducted at the conclusion of the courses. Analysis in¬ dicated that three themes emerged emphasizing the importance of the circles of learning, peer mentoring, and the relationship with the instructor. In par¬ ticular, the results demonstrated the perceived value of the course from the students’ perspectives."
well-being,post1950,f8b2935712e2,"In keeping with requests that worldviews of First Nation, Metis, and Inuit Peoples (FNIM) of Canada be incorporated into content steeped in Eurocentric, linear educational progression, this study aims to examine how a fusion of Indigenous knowledges and non- Indigenous traditions of learning impact the academic development of Aboriginal Access Studies students. Culturally responsive pedagogy (CRP) is situated in a framework that rec¬ ognizes the rich and varied cultural wealth, knowledge, and skills of diverse learners. This approach seeks to develop a philosophical view of teaching that is dedicated to nurturing students’ academic, social, emotional, cultural, psychological, and physiological well-being (Anuik & Gillies, 2012; Battiste & Henderson, 2009; Cherubini, 2014; Gay, 2000; Ladson- Billings, 1994;). Appreciating the need to conceptualize and develop culturally responsive pedagogy, this paper presents the results of a two-year longitudinal study focused on deter¬ mining the perceived short-term value of the course from the students’ perspectives."
well-being,post1950,147bc3d0acb0,"to other educational approaches that recognize individual learning styles, modify teach¬ ing and learning practices accordingly, and create different paradigms for teaching and learning. For example, the first author’s previous work focused on integral education, a conceptual framework that examined how educational behaviours, educational cultures, educational experiences, and educational systems impacted on teaching and learning in primary education (Ragoonaden, Cherkowski, & Berg, 2012). As indicated earlier, Ar¬ chibald et al., (2009) conceptualized the Wholistic Indigenous Framework, which em¬ phasizes the interconnectedness of the intellectual, physical, emotional, and spiritual elements of human development. Important consideration is given to the connections and relations of family and community as well as the impact of institutional and political influences on the individual’s well-being."
well-being,post1950,8c432d7320b4,"digms upon which the Indigenization of curricula can take place (British Columbia Min¬ istry of Education n.d.; Canadian Council on Learning, 2009; Ragoonaden, Cherkowski, Baptiste & Despres 2009). The three emergent themes identified in the data analysis of the semi-structured interviews—circles of learning created social relationships and com¬ munity; peer mentoring provided socio-emotional and academic support through shared experiences; and the importance of the student-teacher relationship—indicated that the infusion of CRP in a University 101-type course was beneficial to the students’ intellectual, social, emotional, and academic development. CRP asserts the value of focusing class¬ room curricula on students’ cultural frames of reference, recognizing that this cultural congruence can increase student success. This is in keeping with Bopp et al.,’s (2004) focus on the importance of harmonizing the four components of the Medicine Wheel, situating the self as the nexus between wisdom, illumination, trust and insight. Likewise, literature related to University 101 recognizes the importance of setting and maintaining progressive goals relating to the intellectual, social, and physical well-being of first year students (Cuseo, 2002; Tinto, 1993; 2002; Upcraft and Gardner, 1989)"
well-being,post1950,9d57dac2a8ec,"Within a culturally responsive framework, the descriptive analysis of the Likert scales found in Figures 1 and 2 indicate that most of the skills necessary for admission to first- year courses had been developed and were being applied in other concurrent courses. For example, CRP-infused strategies such as muscle reading and note-taking were being ap¬ plied in a successful manner in biology and in English. Interestingly, students noted the fact that health management had been introduced briefly during the last week of classes and expressed a strong interest in spending more time on physical well-being. A minor¬ ity of students also noted a lack of engagement from some classmates in the circles of learning, indicating that a lack of collaborative skills can hinder engagement and com¬ mitment of all participants. This is in keeping with previous studies that demonstrate that collaborative practices must be structured in a way that ensures an equitable division of the required work (Johnson & Johnson, 1974; Johnson, Johnson, & Holubec, 1990; Ragoonaden & Bordeleau, 2000). These are important developmental skills in all first year students’ educational journey. Curricula in higher education must acknowledge this disparity and respond thoughtfully and intentionally to this salient pedagogical need."
well-being,post1950,44882ea5171a,"guiding philosophies of the day and attempt to revise them when we find evidence that the existing philosophies create and perpetuate problems. Critical philosophy diagnoses a civilization’s malfunctioning philosophy and works at creatively reconceptualizing the failed or failing ontologies, epistemologies, and axiologies. These reconceptualizations are the proper business of critical education committed to the ideal of planetary well-being. In these educational efforts, ethics becomes both the diagnostic art and a treatment plan."
well-being,post1950,5711f6f723cf,"Security and Well-being in America: Projections, Policy, and Education for the 1970's."
well-being,post1950,2908b1b37ad1,"Guidelines are offered in this second information memorandum for an in progress study on how projections for the future might affect the quality of life in the United States. Examining other future oriented studies, articles, and research documents, six projections are reviewed which indicate that the U. S. will be crowded, urbanized, mobile, technological, brain-intensive, and a medico-interventionist society, and which suggest many questions for considering the quality of life. Emphasis in the guidelines is upon the potential for education and for wise public policy to advance order and to preserve individual liberties by lowering the need for extensive regulatory and allocative policy. Citizens need to learn to take more responsibility for their own behavior and compromise in the many kinds of interactions with others. Because there is much to learn from other nations which appear to yield a high degree of security and well-being for their people, the study and comparative analysis of the three small nations of Denmark, Switzerland, and Yugoslavia offers ideas for developing guidelines for U. S. education and public policy. It is expected that this study will point toward the need for additional studies and for creative ways to draw upon experiences and policies in other nations to improve education and public policy in the United States. (SUM)"
well-being,post1950,69648f2722e1,"Security and Well-Being in America: Projections, Policy, and Education for the 197Q*s"
well-being,post1950,5d71e281f71b,"Security and Well-Being in America: Projections, Policy, and Education for the 1970's"
well-being,post1950,4a0dbd42a3cc,"Projections for the future are the first concern of the study that appear likely to affect the quality of life and the security and well-being of the American people during the next three decades. There are a number of books, articles, and othei’ studies that look into the future and seek to make projections that, if they materialize, will have a profound impact upon Americans and public policy as well. Several studies that have greatly influenced our thinking are as follows: Daniel Bell (ed.), Toward the Year 2000: Work in Progress (Boston: Houghton Mifflin Company, 1968); Harrison Brown, et al., The Next Hundred Years (New York: The Viking Press,"
well-being,post1950,15ef26893c1c,"(b) more responsibility in their interactions with other people, and (c) a readiness to compromise in many kinds of interactions with other people. If they do not, we predict that much more public policy will be required to regulate people and to allocate things of value so that some modicum of security and well-being may be available to the greatest number of people."
well-being,post1950,c0f974d01d03,"These statements require definitions of order and law. There is ""order"" in any society when people enjoy security and at least a modest level of well-being."
well-being,post1950,565eca341f20,"The general absence of conflict and more equitable access to resources essential to physical and mental well-being constitutes a condition of ""order."""
well-being,post1950,82be7d5c1db0,"""Law"" we take to be public policy necessary for maximizing possibilities for ""order"" in any society. Law both regulates and establishes guidelines for allocating things of value in a society. A minimum of law or regulation is needed in a society where people assume responsibility and make compromises necessary for order. Also, there is little need for policy to allocate things of value or resources needed for well-being in a society where people assume the responsibility for doing such ""allocating"" on an equitable basis. ""Resources of value"" include food, shelter, education, means of livelihood, health care, and other items fundamental to human well-being."
self-actualization,post1950,d67015530ce0,"Links adult literacy learning to a philosophy of self-actualization, scaffolding pedagogy, and inclusion. Bases the discussion on John Dewey’s concept of growth and Myron C. Tuman’s developmental social theory."
self-actualization,post1950,23ce8859089f,"Using the work of Judith Butler on gender regulation. Black Feminist Thought (BFT), and autobiographic storytelling, this piece illustrates how essentialist notions of gender, and discourses related to gender create conflict in shaping identity construction for a Black woman academic and single mother (BWA/SM) in the United States. This piece reveals complex gendered and racialized tropes related to notions of motherhood and womanhood, particularly within the author’s own family. Included here is how the author attempts to transcend these complexities in her quest for self-definition and self-actualization, unbridled by gender norms. Yet, race, gender and parental status are significant intersecting categories in identity construction, and inherent in the constructions are hegemonic discourses with which the author continues to grapple. Consequently, the struggle to transcend these forces is further complicated by the limited representation of Black women in the US academy, and by the types of academic work where they find themselves typically situated."
self-actualization,post1950,e9721688e8a6,"The research presented in this study provides educators with strategic Interculturally Responsive (IR) components with an explanation of the Response to Cultures Continuum leading to cultural self-actualization, which is the pinnacle of IR. This research highlights integral components of a cultural continuum and is a segment of another study on pre-service teachers’ cultural development (Jones, 2013)."
self-actualization,post1950,f11055c1a997,"Based on the findings of this study, it can be concluded that for pre-service teachers to be interculturally responsive means being aware and sensitive to cultures while being willing to respond to cultural differences in the classroom (Jones, 2013). Awareness of culture elements within the classroom results in sensitivity to cultural differences. The pinnacle of the cultural continuum is intercultural self-actualization."
self-actualization,post1950,fdd104785b8d,Intercultural Self-Actualization
self-actualization,post1950,279cd8cfeab8,"'Self-actualization is “the basic need, the ultimate goal and a continual process of growth for human beings, and demonstrates itself in the form of peak experience in psychology” (Hongyu & Lu, 2013, p. 11). Maslow (1967) suggested it brings out a person’s maximum potential and creates organic abilities while still remaining loyal to one’s own self. According to Murtaza (2011), self- actualization is referenced as the meta-motivation because it’s realization that “full inner potential” also known as wisdom is attainable by everyone. Self- actualization leads to the pinnacle of human welfare (Maslow, 1970) and for the population of teachers that interact each year with millions of students, it is imperative that students are being instructed by self-actualized professionals in the cultural realm."
self-actualization,post1950,3c4a098254b5,"Han, H. S., & Thomas, M. S. (2010). No child misunderstood: Enhancing early childhood teachers’ multicultural responsiveness to the social competence of diverse children. Early Childhood Education Journal, 57,469-476. doi: 10.1007/sl0643-009-0369-l Henkin, R., & Steinmetz, L. (2008). The need for diversity education as perceived by preservice teachers. Journal of the Scholarship of Teaching and Learning, 5(1), 101-109 Honguy, L. & Lu, H. (2013). The beauty of the transcending of the humanity: Research of Maslow’s Self-Actualization Theory. International Conference on Advances in Social Science, Humanities, and Management. Atlantis Press, doi: 10.2991/asshm- 13.2013.42"
self-actualization,post1950,8a9b9131b796,"Murtaza, N. (2011). Pursuing self-interest or self-actualization? From capitalism to a steady- state, wisdom economy. Ecological Economics, 76(4), 577-584. doi:"
self-actualization,post1950,9369d80f20b5,"Personal sensitivity and self-understanding are attributes which are very important for those who would teach the disadvantaged. Sensitivity training i, recommended as a basis for self-discovery and self-actualization. Through .uch training the teacher can foster a climate in which a disadvantaged child can fed •valued wanted, and worthy.* Sensitivity training in teacher education clashes may u,e such approaches as circle seating for discussions, minimal use of structured lectures and assigned readings, and inclusion of films, resource persons, and role pteyvvgJ"" the course. & understanding of the nautre of pre|ud,ce is important for development of accepting attitudes, and creative expression may also be used m sensitivity training."
self-actualization,post1950,dde4d24497c6,SELF-ACTUALIZATION
self-actualization,post1950,4e006812c84d,COUNSELING PRACTICUM AS A FACILITATOR OF SELF-ACTUALIZATION
self-actualization,post1950,2ebc40309c1d,"The undersigned certify that they have read, and recommend to the Faculty of Graduate Studies and Research, for acceptance, a thesis entitled COUNSELING PRACTICUM AS A FACILITATOR OF SELF-ACTUALIZATION submitted by LILIANE STEEVES in partial fulfilment of the requirements for the degree of MASTER OF EDUCATION in COUNSELING PSYCHOLOGY."
self-actualization,post1950,a89d6cb00676,"This study was designed to assess whether the counseling practicum within the Department of Educational Psychology at the University of Alberta facilitates self-actualization (SA). Using a quasi independent groups design, the 12 subscale scores on the Personal Orientation Inventory (POI) for 20 counseling students without practicum, 37 counseling students with practicum and 22 non counseling students were compared ."
self-actualization,post1950,c9bcfe40b982,The concept of self-actualization . 11
self-actualization,post1950,5932218dfbec,The dynamics of self-actualization . 13
self-actualization,post1950,3be8cae6c174,Clinical Experience and Self-Actualization . 33
self-actualization,post1950,6fd9bee567a7,"This study was intended to contribute towards the development of answers to the following questions: Does the practicum component of the counseling program of the Department of Educational Psychology at the University of Alberta facilitate self-actualization ( SA ) as measured by the Personal Orientation Inventory ( P 0 1 ) ? Does SA correlate negatively with Neuroticism, as measured by the Eysenck Personality Inventory (EPI), as it should if SA is a valid construct? These central questions address applied and theoretical issues respectively."
self-actualization,post1950,e93205a23c0c,"A much better term is ""self-actualization"" as I have used it. It stresses "" fu 1 1 -humanness "" , - the development of the biologically based nature of man, and therefore is (empirically) normative for the whole species rather than for particular times and places, i.e., it is less culturally relative. It conforms to biological destiny, rather than to historical ly-arbitrary, cultural 1 y- loca 1 value-models as the terms ""health"" and ""illness"" often do. It also has empirical content and operational meaning, (p. vi ) ."
self-actualization,post1950,ef70560f5883,The dynami cs of self-actualization
self-actualization,post1950,b3dc105916a0,"Self-actualization is a dynamic struggle between safety and growth needs. All choices between these two poles are ""right"" and occur spontaneously as a consequence of natural wisdom. Growth can be promoted by enhancing its attractions and minimizing its dangers whilst simultaneously enhancing the dangers and minimizing the attractions of security needs. There is a natural need to Know ourselves as well as a fear of self Knowledge which is at the center of self- actual ization."
self-actualization,post1950,7245c0570842,"A se 1 f - actua 1 i zi ng person may be described as ""one who utilizes his talents and capabilities more fully, lives in the present rather than dwelling on the past or future, functions relatively autonomously and tends to have a more benevolent outlooK on life and on human nature than the average person"" (Knapp, 1971, p. 1). Self-actualization is a dynamic process, active throughout life versus a final state of affairs, a far goal."
self-actualization,post1950,15a4ef00d2f6,"""In studying healthy people, se 1 f - actua 1 i zi ng people, etc., there has been a steady move from the openly normative and the frankly personal, step by step, toward more and more descriptive, objective words, to the point where there is today a standardized test of self-actualization. Self-actualization can now be defined quite operationally as intelligence used to be defined, i.e., self-actualization is what the test test. It correlates well with external variables of various kinds and keeps on accumulating additional correlational meanings"" (p. 28)."
self-actualization,post1950,d3d86714b2c6,"The educational implication from Maslow's theory of SA that the satisfaction of security needs leads to greater self-actualization and hence greater academic achievement has generally been supported (Johns, 1970; Leib & Snyder, 1967; LeMay & Damm, 1968; Pearson, 1966; Stewart, 1968; Weber, 1970). Generally these relationships were of modest magnitude. Leib and Snyder (1968) suggest that SA and intellectual ability are not directly related. This needs to be taken into account when interpreting the relationship between SA and achievement."
self-actualization,post1950,fdb6606a7ef0,I. The Nature of the Relationship Between Clinical Experience and Self-Actualization
self-actualization,post1950,78ce70f8315e,"Self-actualization or personal growth is largely implicit in the Ed. Psy. 512 practicum via seminars, workshops and supervision. The occasional specific statement is made such as ""Often times in our seminar program the i nterpersona 1 relationships among staff and students are as important as the structured learning experience"" (Ed. Psy. 512 Course Outline, 1978). The information contained in this section is based upon my personal experience in EP 512 and also upon interviews with staff members actively involved"
manifestation,pre1950,7db9ad145cbe,"This new work of the learned Bedemptorist who has already made so many valu- able contributions to the Catholio literature of our day, may be considered as the crowning effort of his fkith-inspired genius. It is lovingly dedicated *• To the Most 8acred and Adorable Heart of Jesus in the Blessed Sacrament, in Reparation, Thanksgiving, and Love.'* It is truly a great book, one of the greatest yet given to the world in any language on the Eucharistic Sacrifice. It consists of forty-eight chapters, the first of which is an introductory one, serving as preface to the book. Now, many people may suppose that books enough had already been written on the Mass, and that little remained at this time to be said or written about it, at least, little that had not been said or written before. A very cursory examination of Father Mailer's book will convince them of their error. It is true that many books have been written on the Holy Mass— quite recently, one by Father Sullivan, an excellent one, as &r as it goes— but this of Father Muller's contains a great amount of highly interesting information, historical and otherwise, never before brought together. It is not only an admirable treatise on the Mass, but a carefully and elegantly written history of the Great Sacrifice of the New Law, presenting it to the reader, not alone in its dry doctrinal form, but with all the beautiful surroundings of the loving wor- ship of all faithful generations, the wonders it has wrought, and still does work on that earth, whose sublime act of homage to its Creator it is; in short, all the gran- deur, all the glories, all the benefits to mankind of this wonderful, life-giving, all- sustaining sacrifice. But tho reader will be better able to judge what the nature of this great work is, from the headings of the chapters, which are as follows: The Wonderful Promise of God— The Wonderful Gift of God — A Wonderful Means of Awakening Faith In the Real Presence— A Wonderful Manifestation of the Real Pres- ence—The Wonderful Effects of the Blessed Sacrament in Nicola Au^ry— Further Wonderful Manifestations of the Real Presence— The Sacrifice before the Coming of Christ— The Sacrifice of the New Law— Mass applies to us the Merits of Christ— Mass, the Renewal of the Mysteries of the Life of Christ — Mass, the Renewal of the"
manifestation,pre1950,98c050b7e6c2,A Wonderful Manifestation of the Real Presence 64
manifestation,pre1950,cfdc3a3d770a,A WONDERFUL MANIFESTATION OF THE BEAL PRESENCE.
manifestation,pre1950,883e1454b8c9,A. WONDERFUL MANIFESTATION
manifestation,pre1950,4f219abcfc19,A WOUDEBFUL MANIFESTATION
manifestation,pre1950,dd138e29420f,A WOXDERFUL MANIFESTATION
manifestation,pre1950,85f2dc611de1,A WONDERFUL .MANIFESTATION
manifestation,pre1950,33b32f21a151,A WONDERFUL MANIFESTATION
manifestation,pre1950,22dfbd3a0f23,"""Beloved Brethren* in* Christ Jesus A delightful duty has devolved upon us ; it is ‘ to reveal and to confess the works of God I ’ * With a heart at once struck with awe, and inflamed with gratitude to the * God of all consolation/ we proclaim to you a new and wonderful manifestation of"
manifestation,pre1950,c173118a5122,"Is it not an evident demonstration of the Real Divine Presence which presides over the celebration of the Mass, to mark the universality of that intense devotion, reverence, and respect of Catholics during the divine Sacrifice ? w In our time,” writes a convert to our faith, ""after such a suc- cessive diminution Of truth, affecting both the spiritual and temporal hierarchy of society, nothing can be more monot- onous than an assembly of Protestants. There are the rich, cuirassed in egotism, initiated in no other rites but those of Bacchus, bred up with the same feeling of disdain for every outward manifestation of piety and fervor: there are the poor, parked in from all observation or contact with the rich, thoroughly subdued and moulded into one form of ser- vile respect But in our churches, during the celebration of the divine mysteries, it is a very different picture. What do we find here amidst the pious throng ? We find the simple peasant come from his woods, the shepherd from the moun- tains, the young and thoughtful clerk, the solemn religious man, the devout student, whom nothing but the divine ser- vice could tear from his books, the holy recluse, who may be looked for elsewhere in vain, the laboring youth, with joy and triumph in their looks, the innocent child with its bap- tismal robe unsullied, the penitent sinner who has atoned, or who is atoning, for having stained the purity of bis soul."
manifestation,pre1950,90713b02f725,"That the embrace of the Word, the Divine Spouse of our soul, and the turning of our face to His Face, worketh great and marvellous things in us, if we keep our eye single and our intention pure. How wondrously all vain and troublous things are overcome and dispersed by the manifestation of the Wisdom of God, His countenance supplying what is lacking, enlightening, ruling, perfecting all things 79"
manifestation,pre1950,5a21b46ed3fd,"That the embrace of the Word, the Divine Spouse of our soul, and the turning of our face to His Face worketh great and marvellous things in us, if we keep our eye single and our intention pure. How wonderfully all vain and troublous things are overcome and dispersed by the manifestation of the Wisdom of God, His Countenance supplying what is lacking, enlightening, ruling, perfecting all things."
manifestation,pre1950,2c4525caf4a9,Christ's Manifestation 76
manifestation,pre1950,75f1dab6bacc,L-CHRIST'S MANIFESTATION.
manifestation,pre1950,dbda905c6181,"1 i In the fifteenth year of the reign of Tiberius Gapsar, the word of the Lord came to John the son of Zachary in the wilderness.' ' The name of Zachary takes us back a long way— thirty years— to the time when Augustus Caesar was reigning and there was peace upon earth. The scene in the Temple rises to our mind— the hour of incense, the old priest, dumb but rejoicing, coming out from the Holy Place and silently passing by the expecting people. He was to have a son who was to be a joy and a gladness to his parents, whose birth would make many rejoice, who would be filled with the Holy Ghost. Then we remember the gathering at the country house at Ain-Karim, the name of! John given to the new-born child, and the burst of praise from Zachary 's loosened tongue. Then there comes the summing up of John's child- hood: 4 4 And the child grew and was strengthened in spirit, and was in the deserts until the day of his manifestation to Israel."" These words bring us again to the reign of Tiberius and the desert place. We see John's gaunt figure clothed in a rough camel's hair bound in with a leathern girdle; his stern, austere face tells of spare diet, one ""who did not eat bread nor drink wine, but locusts and wild honey."" He is spirit rather than flesh, a voice rather than a man."
manifestation,pre1950,e203247a7aa7,6 Jan. The Epiphany of our Lord is a feast solemnized in memory and honor of Christ's manifestation to the Gentiles by an extraordi- nary star.
manifestation,pre1950,48f75c296c0d,EPIPHANY. A feast kept on January 6 to commemorate the manifestation of
manifestation,pre1950,2da650753f61,"If this be the case, there is a function to be exercised here by the Christian Seer. From Redemption, recognised by Faith, the Christian Prophet must bear witness to the truth that the World-Ransom is fulfilling itself unto Sight and Manifestation. It is his duty to testify to the reality of the inclusion of the World-Process within Redemption."
manifestation,pre1950,83497f508f5c,"Should there be on earth a perfect “ son of man,” that “son of man” would indeed very likely become a saintly manifestation of the Son of God; for the transition between the two would seem to be too divinely and congruously facile a thing that it should not come to pass."
manifestation,pre1950,cbea1606a532,We must approach His new manifestation through
manifestation,pre1950,f7fb5b1afa4e,the Sacramental Life makes way for an equal earthly manifestation in the Second Coming of Christ
manifestation,pre1950,6fbe997c0d48,Prophecy is no mere prediction. It is the first manifestation of the Spirit of God in the achievement of the predetermined task.
manifestation,pre1950,9c3be4c18b6c,"Prophets are therefore rather inspired witnesses of some historical manifestation of the eternal character of God, than men merely gifted with the faculty of prevision. They foresee the Future with infallible precision, because God makes them see the Present"
manifestation,pre1950,1b240e9578bb,The Manifestation to the Wise Men.
manifestation,pre1950,21baeb77a4d2,III. MANIFESTATION OF CONSCIENCE . . 154
manifestation,post1950,db5a4e5dbc91,"The importance of the studied problem is determined by the fact that the influence of the deviant environment on society, the spread of its morality, a psychological «exposure» of a less stable part of the population, that is teenagers and young adults, all this is - a reality of the contemporary social situation. The study of problems connected with the personality formation in teenage years and adolescence, the effect of social relations on the deviance manifestation acquires a great significance. Due to it, this article is directed towards the study of life situations in teenagers and young adults who are predisposed to deviant behavior for the purpose of verifying the hypothesis about the presence of specific features in a person who is predisposed to deviant behavior which was linked to life situations which the person’s life goes through. In the framework of completing the goals set before the study the comparison of types and categories of life situations was conducted as well as the average time of retrospection and anticipation in young people who are predisposed or not to deviant behavior. The results of the comparative analysis of various sample groups of teenagers and young people are given in the conclusions among which the most significant item is the lesser time of anticipating events in young people who are susceptible to deviant behavior which is explained by a less clear life prospect and as a sequence by a lesser level of purposefulness of their own life activity. The leading approach to the study of this problem is holistic, systemic and dialectic approaches which provide integrity and comprehensiveness of the study based on a holistic personal development that takes into account the history of a personality. The materials of the article are of practical importance for psychologists, social workers and staff members of educational institutions that carry out work with teenagers and young adults who are prone to deviant behavior."
manifestation,post1950,92e78939e32a,"manifestation in various forms. That is why, the study of the deviant behavior phenomenon insistently requires researchers’ attention to its manifestation in all possible forms and at different stages of a person’s development, however, it is especially important to study it in teenage years and in adolescence. In view of this, it requires theoretical understanding of the phenomenon “deviant behavior”, and empirical verification of specific features of its manifestation in various conditions. In a theoretical aspect, at present, it is impossible to understand behavior beyond consideration of interrelation of personal and situational factors since there is an uninterrupted link between a person and his life’s conditions."
manifestation,post1950,347328700d0f,"In contemporary researches the study of a situational factor is primarily associated with the problem solution of coping with hardships or plights (Bandura, 2000; Baron, 2000). I.V. Romanova’s (2013) work was dedicated to the problem of forming dependent behavior in the process of coping with difficult life situations. Optimistic outlook as a personal resource of coping with critical life situations is studied by V.V. Ponomaryov (2009), V.A. Kislitsina & A.A. Tsaryova (2014) study the problem of forming the students’ readiness for difficult life situations, I.V. Kochkaryova’s (2012) work is dedicated to the intrapersonal conflict resolution in the process of coping with difficult life situations. However, the specified works emphasize that in order to build up a holistic concept of coping with difficult life situations it is necessary to analyze different parameters: specific features and type of the situation; subjective perception and interpretation of events; personal features that was markedly presented in E.V. Bityutskaya’s (2011) work . In this context, we again come to the necessity to analyze situational and personal factors in interaction which is, in E.V. Bityutskaya’s (2011) opinion necessary to develop in the framework of a comprehensive approach that considers several factors- determinants. One of the most impressive concepts in this field is in V.A. Kislitsina & A.A. Tsaryova’s (2014) opinion is the conception of self-regulation by A.O. Prokhorov (2005), that defines self-regulation as a process of governing a man by means of his own psychological and physiological states to achieve the equilibrium between the organism and environment . In our opinion, A.O. Prokhorov’s (2005) position is oriented to a greater extent to mental states which undoubtedly is an original scientific approach to the studied problem. However, in our opinion, the investigation of the problem of interacting personal and situational factors would also be enriched through the emphasizing of a behavioral aspect, that is through the manifestation of various forms of behavior in interrelation with personal and situational determinants (Efimova et al., 2015; Efimova, Oschepkov & Salakhova, 2015)."
manifestation,post1950,2edf36ab0973,"In a manifestation of deviations among young people their personal peculiarities are involved in certain conditions of the social environment (life situations) (Bratus, 1988). At the same time, personal peculiarities that determine the inclination for deviant behavior are formed in the process of unfavorable socializing which is determined by bad family relations, alienation at school, negative relations with peers and many other factors; personal specific features act in the form of an attitude to social norms that is an orientation to deviations from commonly accepted rules that builds up readiness for deviant behavior in a specific social situation (Zmanovskaya, 2004; Platonov, 2006)."
manifestation,post1950,632eac7cc1a6,"Behavior is an overt manifestation of underlying biology. As such, alterations in biological systems that result from spaceflight would be expected to evidence themselves in subtle or even pronounced changes in the behavior of that organism. These alterations in visible behavior may then indicate or even be diagnostic of alterations in the physical well-being of humans and other animals as they adapt to space environments or readapt to Earth-alterations that might not otherwise be detected without relatively invasive and frequently expensive procedures."
manifestation,post1950,71c7af422127,"The discovery by the Spirit rover of outcrops rich in Mg-Fe carbonate [Morris et al., 2010] represents another manifestation of a diverse aqueous history in Gusev crater. In 2005, observations by the Mossbauer spectrometer (MB) on outcrops dubbed Comanche provided initial indication of Fe-Mg carbonate that was subsequently supported by analysis of elemental data from the Alpha Particle X-ray Spectrometer (APXS). The recognition of a carbonate component in thennal infrared spectra measured by the Miniature Thermal Emission Spectrometer (Mini-TES) was significantly delayed due to dust contamination of the instrument’s optics. With the implementation of a viable dust correction, the Comanche spectra were revisited and presented clear and compelling evidence for a Mg-Fe carbonate component that could be as much as a third of the total mineral abundance. The data from all three instruments in combination are best matched by Mg-Fe carbonate with an abundance of 16-34 wt%."
manifestation,post1950,ece2e11eb411,"NASA’s plans for implementing the Vision for Space Exploration include returning to the moon as a stepping stone for further exploration of Mars, and beyond. Dust on the lunar surface has a ubiquitous presence which must be explicitly addressed during upcoming human lunar exploration missions. While the operational challenges attributable to dust during the Apollo missions did not prove critical, the comparatively long duration of impending missions presents a different challenge. Near term plans to revisit the moon places a primary emphasis on characterization and mitigation of lunar dust. Comprised of regolith particles ranging in size from tens of nanometers to microns, lunar dust is a manifestation of the complex interaction of the lunar soil with multiple mechanical, electrical, and gravitational effects. The environmental and anthropogenic factors effecting the perturbation, transport, and deposition of lunar dust must be studied in order to mitigate it’s potentially harmful effects on exploration systems. This paper presents the current perspective and implementation of dust knowledge management and integration, and mitigation technology development activities within NASA’s Exploration Technology Development Program. This work is presented within the context of the Constellation Program’s Integrated Lunar Dust Management Strategy. The Lunar Dust Mitigation Technology Development project has been implemented within the ETDP. Project scope and plans will be presented, along with a a perspective on lessons learned from Apollo and forensics engineering studies of Apollo hardware. This paper further outlines the scientific basis for lunar dust behavior, it’s characteristics and potential effects, and surveys several potential strategies for its control and mitigation both for lunar surface operations and within the working volumes of a lunar outpost."
manifestation,post1950,ec76191ff36f,"of Venus has revealed between 150 and 300 large, radially 1 mealed landforms distributed across the planet’s surface [1,2]. Where the lineaments have been examined in detail, the majority fail to exhibit signatures indicative of relief at or above the resolution of the radar; however, when the sense of topographic relief may be ascertained, the lineaments commonly appear as fissures or flat-floored trenches interpreted as graben. Individual lineaments can display graben, fissure, and zero relief behavior along their length, suggesting either that these differences are a function of the resolution of the radar, or that the morphological distinctions are real but somehow genetically linked. In many instances, radial lineaments exhibiting these characteristics are directly associated with surface volcanism, including flanking and terminal flows, superimposed shield domes and pit chains, and central, calderalike topographic lows. These observable characteristics, as well as theoretical studies and comparison with similar terrestrial features, have led to the working hypothesis that many of the radial fracture systems on Venus are the surface manifestation of subsurface dikes propagating laterally from a central magma source [3-7]. If this interpretation is correct, studies of terrestrial dikes suggest that the lineament directions, with localized exceptions and barring subsequent deformation, should be perpendicular to the orientation of the least compressive stress at the lime of their formation [8—11 ]. To test this hypothesis, we briefly examine a radial fracture system (63.7°N, 195°E) located between two deformation belts in V in mar a Planitia, and verify that the lineaments to the east behave in the expected manner. We have also chosen this feature, however, because of its proximity to Laum a Dorsa to the west On the basis of Venera 15/16 data, both concessional and extensional origins for this deformation belt have been proposed [12,13]. By examining the stratigraphy and applying our interpretation that the fracture system is linked to the presence of subsurface dikes, we present an independent evaluation of the stress state associated with Laum a Dorsa, and thus contribute to the assessment of its origin."
manifestation,post1950,e97102eebd1e,"Currently, the lightning jump algorithm is being tested in two separate but important efforts. Schultz et al. (2014; AMS 10th Satellite Symposium) is exploring the transition of the algorithm from its research based formulation to a fully objective algorithm that includes storm tracking, Geostationary Lightning Mapper (GLM) Proxy data and the lightning jump algorithm. Chronis et al. (2014; this conference) provides context for the transition to current operational forecasting using lightning mapping array based products. However, what remains is an end to end physical and dynamical basis for relating lightning rates to severe storm manifestation, so the forecaster has a reason beyond simple correlation to utilize the lightning jump algorithm within their severe storm conceptual models."
manifestation,post1950,7f3aecbbd42b,"The discovery of new and innovative materials has been known to culminate in major turning points in human history. The transformative impact and functional manifestation of new materials have been demonstrated in every historical era by their integration into new products, systems, assemblies, and devices. In modem times, the integration of new materials into usable products has a special relevance for the technological development and economic competitiveness of industrial societies. Advanced ceramic technologies dramatically impact the energy and environmental landscape due to potential wide scale applications in all aspects of energy production, storage, distribution, conservation, and efficiency. Examples include gas turbine propulsion systems, fuel cells, thermoelectrics, photovoltaics, distribution and transmission systems based on superconductors, nuclear power generation, and waste disposal."
manifestation,post1950,5573a367767d,"A closed loop system reduces pointing errors in one or more spacecraft instruments. Associated with each instrument is a electronics package (3) for commanding motion in that instrument and a pointing control system (5) for imparting motion in that instrument in response to a command (4) from the commanding package (3). Spacecraft motion compensation logic (25) compensates for instrument pointing errors caused by instrument-motion-induced spacecraft motion. Any finite number of instruments can be so compensated, by providing each pointing control system (5) and each commanding package (3), for the instruments desired to be compensated, with a link to the spacecraft motion compensation logic (25). The spacecraft motion compensation logic (25) is an electronic manifestation of the algebraic negative of a model of the dynamics of motion of the spacecraft. An example of a suitable model, and computer-simulated results, are presented."
manifestation,post1950,9e61d3191244,"Du 28 juillet au 13 août 2017, tous les amateurs de sports d été au pays auront leurs yeux tournés vers Winnipeg, tandis que 6 000 bénévoles seront à la manœuvre pour réussir les 26e Jeux du Canada. Mariette Mulaire est la coprésidente bénévole de la plus importante manifestation sportive jamais organisée en terre manitobaine."
manifestation,post1950,cc6dfd3d1b42,"Abstract. Water vapor in the tropical tropopause layer (TTL) has a local radiative cooling effect. As a source for ice in cirrus clouds, however, it can also indirectly produce infrared heating. Using NASA A-Train satellite measurements of CALIPSO and Aura/MLS we calculated the correlation of water vapor, ice water content and temperature in the TTL. We find that temperature strongly controls water vapor (correlation r — 0.94) and cirrus clouds at 100 hPa (r = —0.91). Moreover we observe that the cirrus seasonal cycle is highly (r — —0.9) anticorrelated with the water vapor variation in the TTL, showing higher cloud occurrence during December-January-February. We further investigate the anticorrelation on a regional scale and find that the strong anticorrelation occurs generally in the ITCZ (Intertropical Convergence Zone). The seasonal cycle of the cirrus ice water content is also highly anticorrelated to water vapor (r = —0.91) and our results support the hypothesis that the total water at 100 hPa is roughly constant. Temperature acts as a main regulator for balancing the partition between water vapor and cirrus clouds. Thus, to a large extent, the depleting water vapor in the TTL during DJF is a manifestation of cirrus formation."
manifestation,post1950,406478c52093,"Furthermore, we find a high anticorrelation of H2O and cirrus cloud fraction at lOOhPa in the tropics. The anticorrelation of water vapor and cirrus ice water content (r — —0.91) suggests that total water is constant throughout the year and temperature determines the balance between water vapor and ice in cirrus clouds. A linear regression analysis of H2O and IWC shows that the slope (in [-1.09,-0.53]) encloses the theoretical slope of — 1 if vapor is fully condensed into ice at lOOhPa in the TTL. Hence the seasonal cycle of water vapor is mainly a manifestation of cirrus formation leaving the total water at lOOhPa roughly constant. In sum cirrus clouds serve as a reservoir for TTL water vapor."
manifestation,post1950,95c977df794e,", Intended for agency field personnel who assist in local cc'mmunity development (CD) efforts, this publication is the second, of three mak,3rng up an intensive training manual for community development. Using an inservice training approach, this part of the manual contains four instructional units: rationale for CD training, what CD is (CD as process, program, method, movement, manifestation of democracy), why be involved (aspects of social change creating the need for CD activities), and what one needs to know about CD (community dynamics, agency involvement, problem solving, conflict, change strategies). The manual presents an amplified content outline for each unit, with margin space for notes by trainers or trainees, worksheets for individual alid small group participation, and visuals for overhead projection. It includes resource papers, on the definition of cotaaunity development, growth and development, change (in metropoli'tan and nonmetropolitan settings) , guidelines for a good community, the community coordinator, citizen participation, decision making for development, understanding community, alternative develbpment approaches, and process of community problem solving, Borkshop exercises, with accompanying worksheets, focus on applying subject matter to participants^ work situations, clientele problems, alleviating programs, and impact of change on local communities, (RS)"
manifestation,post1950,2a4038c58df7,"5) A manifestation of -democracy i An operational Jejiinition also is examined. Emphasis is placed on: / """
manifestation,post1950,a8bcad450717,"Community development: as.a manifestation of democracy ^ , """
manifestation,post1950,ca395230519a,5) An understanding'of community development as a manifestation of\ democracy—a means of attaining! fulfillment of basic social values.
manifestation,post1950,3aca060830fd,"Among QlSigrs, the Biddies [3],. Bennett [2], and ' Littrell [5] have discrf^sed^CD as ^ manifestation of democracy-. '"
manifestation,post1950,2b92fbcb2bba,manifestation of democracy .
manifestation,post1950,45588e1f0afa,"In a different manifestation of reaction to ""The .Great Cljahge"" has brought a reemphasis on the importance of locality, as seen in federal and state govern-^ ments* growing 'emphasis on^decentralization/"
manifestation,post1950,deaae8aeee78,MANIFESTATION OF EXOGENIC PROCESSES USING PHOTOGEOLOGICAL DATA
manifestation,post1950,450422982a02,"The ARES Directorate at JSC has researched the physical processes that create planetary magnetic fields through dynamo action since 2007. The “dynamo problem” has existed since 1600, when William Gilbert, physician to Queen Elizabeth I, recognized that the Earth was a giant magnet. In 1919, Joseph Larmor proposed that solar (and by implication, planetary) magnetism was due to magnetohydrodynamics (MHD), but full acceptance did not occur until Glatzmaier and Roberts solved the MHD equations numerically and simulated a geomagnetic reversal in 1995. JSC research produced a unique theoretical model in 2012 that provided a novel explanation of these physical observations and computational results as an essential manifestation of broken ergodicity in MHD turbulence. Research is ongoing, and future work is aimed at understanding quantitative details of magnetic dipole alignment in the Earth as well as in Mercury, Jupiter and its moon Ganymede, Saturn, Uranus, Neptune, and the Sun and other stars. Current computational research results showing effective dipole angle 0d with respect to normalized rotation vector Q0 are given in figure 1. (The dotted line is what would be expected if Cl0 = 0. Also, note that saturation occurs.)"
manifestation,post1950,a74d6c89582d,"The proposed U.S. system has encountered resistance in some European countries and beyond. Critics in Poland and the Czech Republic assert that neither country currently faces a notable threat from Iran, but that if American GMD facilities were installed, both countries might be targeted by missiles from rogue states — and possibly from Russia. Some Europeans claim that GMD is another manifestation of American unilateralism, and assert that the Bush Administration did not consult sufficiently with NATO allies or with Russia, which the Administration argues was not the case. Other European leaders, however, support the missile defense project. NATO has also been deliberating long-range missile defense, and has taken actions that have been interpreted as an endorsement of the American GMD system."
manifestation,post1950,17cff913c116,"The proposed U.S. system has encountered resistance in some European countries and beyond. Some critics claim that the program is another manifestation of American unilateralism and argue that, because of opposition by major European partners, Polish and Czech participation in the GMD program could damage those countries’ relations with fellow EU members.29 Supporters, however, counter that"
inner peace,pre1950,cb85cf7d4e44,Howard Brinton in his latest Pendle Hill pam- phlet reviews the way in which the meeting helped its individual members to wholeness and inner peace in a less complex society and suggests ways in which it can still help in our hurried and con- fused day. He suggests the simplification of one’s business and social arrangements so that one has more time and energy for inward searching to understand ourselves and our fellows better — so that we can become more aware of truth revealed to us and better able to act in accordance with that truth. He suggests the ways in which the meeting for worship can help the individual in this inward search.
inner peace,post1950,1a4599e8a2f9,"Work commitment in the organizations is a factor which leads to the development of discipline, sense of duty, morality, and improvement of human relationships at work. The existence of ethics in the organization, having commitment to the tasks and playing professional roles and behaviors in the best way and with no external control, cause inner peace and satisfaction. High level of work commitment in an organization will guarantee a rise in the productivity, the realization of sustainable development, the evolution of human cultural, the management stability, the economic order and the achievement of short-term and long-term goals of the organization. Several factors affect"
inner peace,post1950,73959b6786b9,Kata your way to inner peace and fitness
inner peace,post1950,358c32457a01,Peace Revolution’s Online Social Platform: From Inner Revolution to Global Evolution of Ethical Media Production
inner peace,post1950,0fb1ee1c79ff,"This paper describes a project called Peace Revolution [http://peacerevolution.net], which provides an opportunity for young people from around the world to learn and share positive messages and activities relating to peace. The Peace Revolution project aims to em¬ power young people via a unique process related to youth development, helping young people to make informed and moral choices about how they live their lives and actively participate in society. Through its online social platform, Peace Revolution aims to promote the practice of inner peace as a common denominator for people throughout the world, build cross-cultural partnerships and ultimately, through individual change and cooperation with others, establish an international network of active agents for change."
inner peace,post1950,3753bfb2a41b,"Evidence from cognitive behavioural research and social learning theory suggests that people can acquire both information and attitudes from the media (Bratic 2006). The media can be a powerful tool in communicating cultural awareness and is an important source of cultural production and information. Journalism can therefore play a vital role in furthering our understanding of ourselves and our own culture in relation to others. Through its online social platform, Peace Revolution aims to promote the practice of inner peace as a common denominator for people throughout the world, build cross-cultural partnerships and ultimately, through individual change and cooperation with others, establish an international network of active agents for change."
inner peace,post1950,133613a2c3ca,"The core principle of the program is that it is only when individuals experience inner peace (Peace In) that sustainable world peace can happen (Peace Out). The program therefore aims to promote personal and moral development. Participants of the program denoted as Peace Rebels are inspired and trained to create a transformation for themselves and then society. In order to achieve this mission, a social network platform has been launched to create an interactive, Internet-based self-development program that will help people understand themselves more fully."
inner peace,post1950,af38d9fb0728,"The Peace Revolution program includes an online interactive platform to educate Peace Rebels about inner peace using a meditation technique; provide an environment for sharing their inner peace practice; engage participants in self-development and reflection; and allow Peace Rebels to continue to network and engage with each other in relation to their future peace work. There is an offline component in which Peace Rebels develop peace projects, denoted as Special Ops, to undertake in their own location. A face-to-face component includes a meditation retreat to educate Peace Rebels in advanced inner peace techniques; an opportunity to experience inter-culture and observe some Thai Buddhist events; and an opportunity to engage in collaborative peace building activities. The online interactive platform encourages Peace Rebels to share their positive experiences and publish stories of their offline Special Ops to inspire others and stimulate similar peace projects around the world."
inner peace,post1950,817f305217be,"The information age is characterized by an ever¬ growing number of connections between people around the world resulting in communication across different linguistic and cultural backgrounds. The program connects journalists together online from around the globe and aims to utilize the online medium to create and share inner peace with the world. It also highlights what previous authors have described as an “essential and influential aspect of these programs: positive youth development” (Young 2011). Peace Rebels develop a sense of group identity by interacting and identifying with other young peace activists; they also develop relationships with influential and positive role models through their interactions with volunteering human assistants denoted as Peace Coaches. Finally, they develop a positive sense of themselves after critically analyzing the messages provided to them by the broader society."
inner peace,post1950,3dad248ced67,"Today with the rise of computer-mediated communication and global interactions, possessing the skills that constitute cultural fluency are essential in order to achieve understanding and acceptance of other cultures. By connecting with likeminded people online, sharing stories, and receiving feedback from coaches, participants are learning to experience inner- peace and developing new ways to shape their everyday relationships with family, friends, and the community."
inner peace,post1950,c82ecd15b946,"The Peace Revolution’s Youth Development Process is centered on the following key terms: inner peace education, self-development program, Special Ops, fellowship program and peace coach training. Inner peace education is based on the premise that for Peace Rebels to attain peace at both the individual and community levels they must start with the transformation of one’s self. They are provided with a range of resources to assist them to learn how to practice Inner Peace Time (abbreviated as IPT) such as guided meditation videos and sound files in six different languages and different styles to appeal to the different preferences of the rebels, and other peace related media such as regular live guided meditation broadcasts on an Internet-based channel."
inner peace,post1950,cde9431ba7d5,"In media, journalists often bring many biases, hidden and unintentional, to their coverage. Journalists are said to approach their work ‘tabula rasa’ checking their personal, political, moral and religious convictions at the newsroom door. The Peace Revolution Self¬ development program encourages Peace Rebels to explore these aspects of themselves in their peace activist work and in their media production. The self¬ development program includes three sections: inner peace education previously mentioned, self-discipline, and daily entry. Peace Rebels are asked to maintain the five acts of self-discipline during the 42-day program. These acts of self-discipline correlate to the five precepts in the Buddhist philosophy: (1) not killing; (2) not stealing; (3) not engaging in sexual misconduct; (4) not lying; and (5) not taking intoxicants. In the self-discipline section, Peace Rebels complete a daily checklist to record whether or not they have maintained each of the five acts of self-discipline for that day. They also have the opportunity to comment on any issues that they had in relation to maintaining the acts of self- discipline. Peace Rebels receive feedback and advice from their Peace Coaches in order to encourage deeper self-reflection and continuous improvement."
inner peace,post1950,a71b1402f8d9,"Peace Rebels in the online program are encouraged and guided to share inner peace with their families, friends, and community through various offline activities. The idea is for the participants to find a way to combine Peace In with other Peace Out activities in their society. Some examples of Special Ops are holding a group meditation for family, friends, or people in the community, creative activities, peace journalism, or volunteering. A completed Special Ops must be posted online on the Peace Revolution website along side with various form of media that Peace Rebels learn to produce by themselves such as photos, videos, and reports, as well as feedback forms from participants denoted as “Special Ops Enforcer Forms.” A Special Ops Directory (World Peace Initiative 2011) contains Special Ops posted by other Peace Rebels (some outstanding examples, such as the meditation for refugees, are shown in Figure 2). Peace Rebels learn how to publish their activities by combining photos, videos, and a report that describes their inner peace activities."
inner peace,post1950,074648ca82f8,"Peace Rebels who have completed the online program and are committed to the cause of peace are invited to join offline fellowship to attend one of the meditation retreats in Thailand. The meditation retreat provides Peace Rebels with an opportunity to experience a deepening of their Inner Peace, particularly by interacting with very experienced meditators and teaching monks who can provide them with individual support and advice about their meditation practice. At the conference, Peace Rebels also have the opportunity to participate in interactive workshops with other Peace Rebels, to network and to develop ideas for future peace activities. The highlighted topics include meditation and mediation, community-based peace projects and promoting peace campaigns through media and IT."
inner peace,post1950,16b00f511bd4,"The Special Ops process provides a way for participants to communicate their initiatives by including descriptive writing, videos and photos of their inner peace activities (World Peace Initiative 2011). The fellowship experience for media professionals lets Peace Rebels explore peace media and journalism and discuss challenges that media professionals experience when reporting promotes prejudice, hatred, or violence. The peace coaching training helps coaches encourage new Peace Rebels to continue and complete their self¬ development and provides contemporary guidance on the implementation of peace-promoting media projects. Although the process is clearly a form of youth development, it can be relevant to media professionals in any age range."
inner peace,post1950,728d80d82e23,"Spiritualism is one word which puts man on the highest plinth of life. Spirituality is the way we find meaning, hope, comfort and inner peace in life. Spirituality in the virtual World is generally known as Virtual Spirituality. A goldmine of wisdom from all kinds of religious and spiritual philosophies, traditions and practices can be found in virtual World now. Technology and Spirituality together forms the material to which man can incline on to and work for the development of a globe in which war will be considered a taboo and violence a rejected dogma. Therefore there is an urgent nee to made the world a safe place to live in and the spiritual reconstruction can help us in achieving this."
inner peace,post1950,d289f88256bd,"This report summarizes the peace research and curricula that have proved to cause a deep change in the attitudes and behavior' of the human being. The document focuses on the last 40 years with the work of the United Nations and UNESCO. It is designed for adults and is dedicated to peace education and peace educators. There are three modules in the report. Module 1 addresses: (1) General considerations concerning the method used in this document; and (2) The method of education. Module 2 contains: (1) General introduction; (2) A fragmentary vision of peace; (3) Peace considered as an external phenomenon from man; (4) Peace as an inner state or as state of spirit; (5) A holistic vision of peace; (6) The fragmented vision of education; (7) The holistic vision of education; (8) Towards a holistic vision of peace education; (9) Bibliography notes and references; and (10) Method of education. Module 3 includes: (1) Required conditions for a peace educator; (2) The process of desti.-uction of peace; (3) The Art of Living in peace with oneself; (4) How was war born in the mind of men?; (5) Method of education; (6) The awakening and development of inner peace; (7) The peace of the body; (8) The peace of the heart; (9) The peace of the mind; (10) Bibliography notes and references; (11) Method of education; (12) The Art of Living in Peace with the others; (13) The contemporary ""normose""; (14) The three social manifestations of the Energy; (15) The cultural education for peace; (16) Social education for peace; (17) The economic peace education; (18) Bibliography notes and references; (19) Method of education; (20) The Art of Living in Peace with the environment; (21) Nature of m&n and nature of the environment; (22) Towards an ecological method of education; (2S) The ecological method of education; (24) Bibliography notes and references; and (25) Method of education. (EH)"
inner peace,post1950,d8d6c90b2bbc,2.2.2 Peace as a inner state or as state of spirit
inner peace,post1950,4c00196a8a2d,3.3.2 The awakening and development of inner peace
inner peace,post1950,145c86401b95,Long term range. This programme will provide the training in this art as it could be developed in the schools all over the world. We consider that this type of education should begin with the educators themselves. The example of their inner peace and their capacity to show it and provide this same peace for the others will allow to overcome the simple step of the academic and intellectual knowledge which is a characteristic of this first world phase we are presently living.
inner peace,post1950,f6cdd3993944,"A fragmentary vision of reality implies a separation between the subject and the object. This duality brings us to a fragmentary perspective of peace. According to this vision, one can distinguish between two kinds of peace : the external peace or the peace of the ""object"" and the inner peace or the peace of the ""subject"". Let us consider these two aspects."
inner peace,post1950,b6eb5dc37a28,"We will now examine the next thesis which refers to the two types of peace : the peace of the ""subject"" or inner peace."
inner peace,post1950,250d4b98a400,"2.2.2 Peace as an inner state or as a state of spirit or ""peace in the minds of men"""
inner peace,post1950,21a244a37c33,"This point of view refers to the contents of the preamble of Unesco's Constitution which states that ""since wars begin in the minds of men, it is the minds of men that the defences cf peace must be constructed"" (12) . We could name this thesis inner ecology or personal. Even though this preamble is often quoted it has rarely been put into practice, as is shown in a brief study we have recently published(13). Accordingly to statistics given by Unesco's in this research (Berg-1988) (14) : Among 310 institutions dedicated to teaching and Peace research, only 24,5% of the subjects were eventually related to inner peace, 14^ of the research is dedicated to this area. Therefore, it is perfectly understandable that the 1990/1991 budget Includes a new programme : Peace in the Minds of Men."
inner peace,post1950,8f41c6841a16,"Efforts more or less successful make one believe that general disarmament will be enough to establish peace. We have already quoted this thesis when we talked about peace considered as the absence of war. Let us compare this thesis with the prophecy : if all the arms up to the last gun are destroyed, eliminating therefore all the swords, without transforming the inner self, men would fight each other with their ploughshares."
inner peace,post1950,d89086e329d4,"the heart and the reason, between the instinc; and the heart that we can establish inner peace."
positive thinking,post1950,5e625f237f6c,"Funded under the Women's Educational Equity Act, the Assertiveness Training Program for Single Mothers was offered to mothers with children enrolled in the Omaha Head Start and Parent-Child Center Programs. The 16-week long program, providing a total of 40 hours of training, covered a wide range of topics in addition to the initial workshops on assertiveness. Human sexuality, parenting skills, relaxation techniques, positive thinking, and community resources (e.g., law, housing, credit) were among the topics discussed. The original goals of the training were that participants would (1) gain a positive self-image, (2) recognize the alternatives available to them, (3) be able to express their needs and feelings to others, (4) take advantage of resources at their disposal, (5) implement in their own homes positive actions that would influence their children, and (6) acquire problem-solving skills that would enable them to make decisions and accept responsibility for their choices. This resulting resource guide, in Spanish, was designed with other single mothers in mind and includes input from parents participating in the training program. Contents of the guide are organized under six topic headings: Being Assertive, Relaxing, Parenting, Being Positive, Sexuality, and Law/Your Rights. Each of the six brief articles provides suggestions, recommendations, and basic concepts, and is accompanied by photographs of mothers participating in the training and with their children. (HTH)"
positive thinking,post1950,183bd97e0d01,"The introductory essay in this volume argues for the importance of the original critical theory developed by the Frankfurt school (The Institute for Social Research in Frankfurt, Germany) in developing a critical foundation for a nee-Marxist theory of radical pedagogy.mAccordingly, it begins by defining the ?ims of the Frankfurt school and then goes on to discuss its history and background. This is followed by an indepth analysis of the Frankfurt school's analysis of the heritage of Enlightenment rationality and their critique of instrumental reason. The Frankfurt school's philosophical stance is then delineated in detail, including its notion of theory, its analysis of culture, and its analysis of depth psychology; on the basis of this discussion, the principal elements of a critical theory of education is outlined. The latter part of the volume consists of four essays by different authors: (1) ""Traditional and Critical Theory,"" by M. Horkheimer; (2) ""The Culture Industry: Enlightenment as Mass Deception,"" by M. Horkheimer and T. W. Adorno; ""The Triumph of Positive Thinking: One-Dimensional Philosophy,"" by Herbert Marcuse; and ""The Method and Function of an Analytic Social Psychology: Notes on Psychoanalysis and Historical Materialism,"" by Erich Froram. An annotated bibliography is included. (TE)"
positive thinking,post1950,26cd269bd104,3 H. Marcuse gg The triumph of positive thinking: one-dimensional philosophy E. Fromm
positive thinking,post1950,6a8f07a73c71,The triumph of positive thinking: one-dimensional
positive thinking,post1950,7fbf9908a4e2,"In chapter IV, I discussed the therapeutic empiricism of sociology in exposing and correcting abnormal behavior in industrial plants, a procedure which implied the exclusion of critical concepts capable of relating such behavior to the society as a whole. By virtue of this restriction, the theoretical procedure becomes immediately practical. It designs methods of better management, safer planning, greater efficiency, closer calculation. The analysis, via correction and improvement, terminates in affirmation; empiricism proves itself as positive thinking."
positive thinking,post1950,707820612810,"In terms of the established universe, such contradicting modes of thought are negative thinking. ""The power of the negative'4 is the principle which governs the development of concepts, and contradiction becomes the distinguishing quality,of Reason (Hegel). This quality of thought was not confined to a certain type of rationalism; it was also a decisive element in the empiricist tradition. Empiricism is not necessarily positive; its attitude to the established reality depends on the particular dimension of experience which functions as the source of knowledge and as the basic frame of reference. For example, it seems that sensualism and materialism are per se negative toward a society in which vital instinctual and material needs are unfulfilled. In contrast, the empiricism of linguistic analysis moves within a framework which does not allow such contradiction—the self- imposed restriction to the prevalent behavioral universe makes for an intrinsically positive attitude. In spite of the rigidly neutral approach of the philosopher, tl.3 pre-bound analysis succumbs to the power of?positive thinking."
positive thinking,post1950,38356f83403b,"In this expurgated form, the empirical world becomes the object of positive thinking. With all its exploring, expos-"
positive thinking,post1950,2c1168ff614f,"ing, and clarifying of ambiguities and obscurities, neo-pbsitivism is not concerned with the great and general ambiguity and obscurity which is the established universe of experience. And it must remain unconcerned because the method adopted by this philosophy discredits or ""translates"" the concepts which could guide the understanding of the established reality in its repressive and irrational structure—the concepts of negative thinking. The transformation of critical into positive thinking takes place mainly in the therapeutic treatment of universal concepts; their translation into operational and behavioral terms parallels closely the sociological translation discussed above."
positive thinking,post1950,703dc1610498,"Source: AAarcuse, H., 'The triumph of positive thinking: cnedimensional philosophy', One Dimensional Man, RoutSedge & Kegan Paul, London, 1964, pp. 170-99."
positive thinking,post1950,69109af95cb5,"Positive Thinking. Language, Literacy and Numeracy Resources on HIV/AIDS for Teachers of Adult Education."
positive thinking,post1950,cb3c547cb3ce,Positive Thinking
positive thinking,post1950,f1fed7b08d82,"Positive Thinking is a collection of stories, articles and worksheets on issues surrounding HIV/AIDS. It is intended to be informative and useful for adult language, literacy and numeracy students. Some of these learning materials are original, others have been adapted for adults from the many excellent learning resources on HIV/AIDS which have already been produced."
positive thinking,post1950,8ffb17efb614,"We hope you and your students find these learning materials challenging and that they provide a range of language, literacy and numeracy activities as well as the opportunity for plenty of positive thinking on HIV/AIDS issues."
positive thinking,post1950,cdc23a4a27c8,Your group is about to start working on some learning materials about HIV/AIDS. You will be looking at questions like: What is HIV/AIDS? How do you get it? How many people have it? How do you prevent it? and lots of other things. This collection of learning materials is called Positive Thinking.
positive thinking,post1950,8cffab3b37a1,Story 4 Positive thinking (1) (page 21)
positive thinking,post1950,d9144875c0e6,Story 5 Positive thinking (2) (page 22)
positive thinking,post1950,a75395da11aa,POSITIVE THINKING For Frank and Gary the Blue Mountains is a welcome haven of fresh air and stress-free living compared with the inner city they left behind two years ago.
positive thinking,post1950,bf7d41e75e1f,Scan the story Positive thinking (1) for further examples of discrimination and myths. Read articles on page 39 for further examples of discrimination.
positive thinking,post1950,0c5c30c3782a,POSITIVE THINKING Skim the article below to check your predictions.
positive thinking,post1950,57ba713b25c4,POSITIVE THINKING One of the ways HIV/AIDS support groups are trying to raise community awareness is through publicity campaigns. Let’s have a look at one.
positive thinking,post1950,505aed5a23fe,POSITIVE THINKING The HIV/AIDS Media Guide for journalists reporting on HIV/AIDS includes ‘terms to avoid using’ because they are offensive or because they are inaccurate.
positive thinking,post1950,8705fdd83256,"All enjoyed a delicious supper and after the awards were given out, guest speaker Nomi Whalen had a great mes¬ sage for all “Positive Thinking”. The music for the wonderful dance was supplied by I.O.U. Goodtimes. Brian & Melanie Heppe from the Olds radio station were M.C.’s for the evening. MLA Richard Marz was also in attendance."
positive thinking,post1950,917de7daadec,"Present-day curricular designs have to take the pupils’ psychological needs in account, thus becoming melodies of mental health and happiness for the next generation. Emphasizing the findings from previous investigations using the research synthesis methodology, the present study has been conducted aiming at achieving some integrative knowledge under the inclusive title of “Mental Health Improvement-based Curricular Content.” Goal-oriented homogeneous sampling method was applied in order to select 100 research papers from Iranian scholars on the subject of pupils’ mental health improvement using accredited databases between 2005 and 2016. Data analysis using open subject coding encompassing three stages, namely open, axial, and selective coding, indicated that a curriculum with contents in two overall categories of mental health literacy (optimism and positive thinking; socialization; monotheistic life; happiness; self-efficacy; self-awareness and self-actualization & ...) and mental health skills (emotions management, interpersonal communication, critical thinking, adaptability, tolerance, and finally & ...) has to be designed in order to improve the pupils’ mental health."
positive thinking,post1950,7fc400ce1c45,Optimism and positive thinking Healthy self-expression Sociability Monotheistic life Happiness
positive thinking,post1950,65227ffbc0e2,"Findings showed that mental health improvement-based curricular contents in the mental health literacy category would include education in such areas as optimism and positive thinking, healthy self-expression, sociability, monotheistic life, happiness, philosophy for children, self-efficacy, innovation, and creativity, self-awareness and self-actualization, sexual education, and ethical education. Education in the field of optimism and positive thinking corresponds to cognitive restructuring toward positive thinking and escape from solicitude, which should not be ignored by the curriculum. Based on findings in the same category, the teachings providing the pupils with the ability of healthy self-expression consist of emotional self-adjustment approaches, and orientation to assertiveness and use of unaggressive and non-passive behaviors in social interactions. Sociability, as another component of a mental health improvement-based curriculum in the mental health literacy category, is rooted in items such as social skills education, learning how to cooperate with others, and life values such as peace and responsibility. The monotheistic life component requires orientation to religious instructions and monotheistic life style which is aimed at conveying religious, mystic, and spiritual beliefs along with goal orientedness in life as well as connectedness to God and Creation. Education in happiness includes happiness program, happiness techniques, living in present, and exultation."
